speed,grade,vo2,vo2_abs,vco2,rer,rr,vt.btps,ve.btps,peto2,petco2,br,time,ex_time,clock_time,stage,fixed_speeds,fixed_grades,ramp_time,ramp_speed
3,1.1,5.4,421,360,0.86,5,1897,9.4,94,43,94.7,1.2,0.13333333333333333,13:08:04,1,3,1,-14.883333333333335,-4.313750000000001
3,1.1,5.3,413,319,0.77,5,1583,8.1,89,43,95.4,1.4,0.3333333333333333,13:08:16,1,3,1,-14.683333333333334,-4.20875
2.9,1.1,12.5,968,633,0.65,6,2145,13.1,75,47,92.6,1.5666666666666669,0.5,13:08:26,1,3,1,-14.516666666666667,-4.121250000000001
3,1.1,3.8,295,198,0.67,20,423,8.7,97,35,95.1,1.6166666666666667,0.55,13:08:29,1,3,1,-14.466666666666667,-4.095000000000001
2.8,1.1,27.5,2130,1389,0.65,19,1817,34.1,84,43,80.7,1.6666666666666663,0.6,13:08:32,1,3,1,-14.416666666666668,-4.0687500000000005
3,1.1,17.7,1376,904,0.66,14,1516,21.3,85,43,88,1.7333333333333334,0.6666666666666666,13:08:36,1,3,1,-14.350000000000001,-4.033750000000001
3,1.1,10.2,791,553,0.7,17,923,15.9,92,39,91,1.8,0.7333333333333333,13:08:40,1,3,1,-14.283333333333335,-3.998750000000001
3,1.1,11.9,924,619,0.67,10,1443,14.2,71,48,91.9,1.9,0.8333333333333334,13:08:46,1,3,1,-14.183333333333334,-3.94625
3,1.1,13.3,1030,652,0.63,18,1016,17.9,82,43,89.9,1.95,0.8833333333333333,13:08:49,1,3,1,-14.133333333333335,-3.920000000000001
2.9,1.1,14,1086,729,0.67,15,1265,18.9,92,38,89.3,2.0166666666666666,0.95,13:08:53,1,3,1,-14.066666666666668,-3.8850000000000016
5.1,1.1,25.3,1966,1268,0.64,13,2106,28.1,80,45,84.1,2.1,1.0333333333333334,13:08:58,2,5.8,1,-13.983333333333334,-3.8412500000000005
5.8,1,22.8,1765,1165,0.66,30,1044,31.2,88,40,82.4,2.1333333333333333,1.0666666666666669,13:09:00,2,5.8,1,-13.950000000000001,-3.8237500000000004
5.8,1,19.1,1481,1026,0.69,19,1295,25.2,89,41,85.7,2.183333333333333,1.1166666666666667,13:09:03,2,5.8,1,-13.9,-3.7975000000000003
5.7,1,8.5,659,485,0.74,15,948,14.4,95,38,91.8,2.25,1.1833333333333331,13:09:07,2,5.8,1,-13.833333333333334,-3.7625
5.8,1,40.8,3163,2136,0.68,26,1974,51,85,43,71.1,2.283333333333333,1.2166666666666668,13:09:09,2,5.8,1,-13.8,-3.745000000000001
5.8,1,15.3,1185,779,0.66,10,1833,17.9,75,48,89.9,2.3833333333333333,1.3166666666666669,13:09:15,2,5.8,1,-13.700000000000001,-3.692500000000001
5.6,1,21.8,1693,1070,0.63,14,1812,24.5,76,47,86.1,2.466666666666667,1.4,13:09:20,2,5.8,1,-13.616666666666667,-3.6487500000000006
5.8,1,36.8,2858,1809,0.63,18,2457,43.4,84,42,75.5,2.5166666666666666,1.45,13:09:23,2,5.8,1,-13.566666666666668,-3.6225000000000014
5.7,1,24.4,1890,1218,0.64,17,1754,29.2,84,43,83.5,2.5833333333333335,1.5166666666666666,13:09:27,2,5.8,1,-13.5,-3.5875000000000004
5.8,1,37.5,2905,1919,0.66,27,1793,47.6,85,43,73.1,2.6166666666666667,1.55,13:09:29,2,5.8,1,-13.466666666666667,-3.5700000000000003
5.8,1,33.6,2604,1764,0.68,21,1968,41.9,87,42,76.3,2.6666666666666665,1.6,13:09:32,2,5.8,1,-13.416666666666668,-3.543750000000001
5.8,1,28.7,2229,1521,0.68,19,1857,34.7,84,44,80.4,2.716666666666667,1.65,13:09:35,2,5.8,1,-13.366666666666667,-3.517500000000001
5.7,1,26.2,2031,1400,0.69,23,1542,34.9,84,44,80.3,2.7666666666666666,1.7,13:09:38,2,5.8,1,-13.316666666666668,-3.491250000000001
5.8,1,41.4,3215,2263,0.7,38,1478,56.8,89,41,67.8,2.783333333333333,1.7166666666666668,13:09:39,2,5.8,1,-13.3,-3.482500000000001
5.8,1,31.2,2419,1736,0.72,28,1651,46.3,93,40,73.8,2.8166666666666664,1.75,13:09:41,2,5.8,1,-13.266666666666667,-3.4650000000000007
5.8,1,26,2015,1498,0.74,22,1640,36,93,41,79.6,2.8666666666666667,1.8,13:09:44,2,5.8,1,-13.216666666666667,-3.4387500000000006
5.7,1,30.2,2342,1750,0.75,27,1629,44.2,90,42,75,2.9,1.8333333333333337,13:09:46,2,5.8,1,-13.183333333333334,-3.4212500000000006
5.7,1,23.9,1853,1411,0.76,25,1504,37,95,40,79.1,2.95,1.8833333333333333,13:09:49,2,5.8,1,-13.133333333333335,-3.3950000000000014
5.7,1,38.4,2979,2172,0.73,34,1607,54.8,91,41,69,2.9833333333333334,1.9166666666666663,13:09:51,2,5.8,1,-13.100000000000001,-3.3775000000000013
5.8,1,27.9,2167,1589,0.73,18,2036,37,87,44,79.1,3.033333333333333,1.9666666666666668,13:09:54,2,5.8,1,-13.05,-3.3512500000000003
5.7,1,33.6,2605,1890,0.73,17,2408,42,87,44,76.2,3.0833333333333335,2.0166666666666666,13:09:57,2,5.8,1,-13,-3.325
5.8,1,18.7,1450,967,0.67,13,1512,19.5,74,50,89,3.1666666666666665,2.1,13:10:02,2,5.8,1,-12.916666666666668,-3.281250000000001
5.8,1,38.2,2966,2114,0.71,17,3044,52.6,89,42,70.2,3.216666666666667,2.15,13:10:05,2,5.8,1,-12.866666666666667,-3.255000000000001
5.7,1,43.9,3401,2378,0.7,32,1809,57.7,88,42,67.3,3.25,2.183333333333333,13:10:07,2,5.8,1,-12.833333333333334,-3.2375000000000007
5.8,1,36.9,2865,2074,0.72,31,1684,52.9,90,42,70.1,3.283333333333333,2.216666666666667,13:10:09,2,5.8,1,-12.8,-3.2200000000000006
5.7,1,8.7,673,533,0.79,26,772,20.2,101,36,88.6,3.3333333333333335,2.2666666666666666,13:10:12,2,5.8,1,-12.75,-3.1937500000000005
5.8,1,41.6,3227,2236,0.69,29,1636,48.1,83,46,72.8,3.3666666666666667,2.3,13:10:14,2,5.8,1,-12.716666666666669,-3.1762500000000014
5.8,1,36,2791,1955,0.7,25,1774,44,85,44,75.1,3.4,2.3333333333333335,13:10:16,2,5.8,1,-12.683333333333334,-3.1587500000000004
5.8,1,36.8,2851,2096,0.74,31,1744,53.9,90,42,69.5,3.4333333333333336,2.3666666666666667,13:10:18,2,5.8,1,-12.65,-3.1412500000000003
5.8,1,36.7,2844,2095,0.74,32,1572,51,89,43,71.1,3.466666666666667,2.4,13:10:20,2,5.8,1,-12.616666666666667,-3.1237500000000002
5.8,1,43.3,3355,2567,0.77,34,1864,62.8,90,43,64.5,3.5,2.4333333333333336,13:10:22,2,5.8,1,-12.583333333333334,-3.10625
5.8,1,32.3,2509,1930,0.77,27,1660,45.5,92,42,74.3,3.533333333333333,2.466666666666667,13:10:24,2,5.8,1,-12.55,-3.088750000000001
5.8,1,22.8,1772,1404,0.79,17,1947,33.9,80,50,80.8,3.5833333333333335,2.5166666666666666,13:10:27,2,5.8,1,-12.5,-3.0625
5.8,1,36.1,2804,2063,0.74,27,1688,45.4,87,45,74.3,3.6166666666666663,2.55,13:10:29,2,5.8,1,-12.466666666666669,-3.0450000000000017
5.7,1,43.4,3365,2637,0.78,28,2532,70.7,94,41,60,3.6666666666666665,2.6,13:10:32,2,5.8,1,-12.416666666666668,-3.0187500000000007
5.8,1,24.7,1919,1448,0.75,18,1773,32.1,88,46,81.8,3.716666666666667,2.65,13:10:35,2,5.8,1,-12.366666666666667,-2.9925000000000006
5.8,1,25.5,1980,1557,0.79,19,1917,36.5,83,49,79.3,3.7666666666666666,2.7,13:10:38,2,5.8,1,-12.316666666666666,-2.9662500000000005
5.7,1,24.1,1867,1322,0.71,24,1259,30.8,85,47,82.6,3.8166666666666664,2.75,13:10:41,2,5.8,1,-12.266666666666667,-2.9400000000000004
5.6,1,36.1,2802,2119,0.76,16,3081,50.5,79,51,71.4,3.8666666666666663,2.8,13:10:44,2,5.8,1,-12.216666666666669,-2.913750000000001
5.7,1,32.5,2518,1836,0.73,26,1640,43.4,89,44,75.5,3.9,2.8333333333333335,13:10:46,2,5.8,1,-12.183333333333334,-2.89625
5.6,1,54.6,4238,3316,0.78,40,2123,85.5,95,41,51.6,3.9333333333333336,2.8666666666666667,13:10:48,2,5.8,1,-12.15,-2.87875
5.7,1,41,3177,2589,0.81,35,1948,68,97,40,61.6,3.966666666666667,2.9,13:10:50,2,5.8,1,-12.116666666666667,-2.861250000000001
5.8,1,40.6,3147,2629,0.84,33,2104,69.4,98,40,60.8,3.9833333333333334,2.9166666666666665,13:10:51,2,5.8,1,-12.100000000000001,-2.852500000000001
5.7,1,17.5,1361,1104,0.81,17,1470,25.3,88,46,85.7,4.05,2.9833333333333334,13:10:55,2,5.8,1,-12.033333333333335,-2.817500000000001
5.8,1,11.7,905,722,0.8,25,644,16.1,87,46,90.9,4.083333333333333,3.0166666666666666,13:10:57,2,5.8,1,-12,-2.8000000000000007
5.8,1,39.3,3045,2256,0.74,24,2003,48.1,79,52,72.8,4.133333333333334,3.066666666666667,13:11:00,2,5.8,1,-11.950000000000001,-2.7737500000000006
5.8,1,47.3,3666,2878,0.79,28,2622,72.2,94,41,59.2,4.166666666666667,3.1,13:11:02,2,5.8,1,-11.916666666666668,-2.7562500000000005
5.7,1,39.9,3098,2466,0.8,25,2435,61.6,94,42,65.1,4.2,3.1333333333333333,13:11:04,2,5.8,1,-11.883333333333335,-2.7387500000000014
5.7,1,41.2,3192,2584,0.81,25,2467,62.7,92,44,64.5,4.25,3.183333333333333,13:11:07,2,5.8,1,-11.833333333333334,-2.7125000000000004
5.8,1,25.5,1976,1611,0.82,20,1725,35.3,91,45,80,4.3,3.2333333333333334,13:11:10,2,5.8,1,-11.783333333333335,-2.686250000000001
5.8,1,37,2868,2263,0.79,27,1821,48.8,88,47,72.4,4.333333333333333,3.2666666666666666,13:11:12,2,5.8,1,-11.75,-2.66875
5.7,1,38.2,2961,2475,0.84,27,2307,61.8,95,42,65,4.366666666666666,3.3,13:11:14,2,5.8,1,-11.716666666666669,-2.651250000000001
5.7,1,27.7,2145,1740,0.81,26,1497,38.4,91,45,78.3,4.416666666666667,3.35,13:11:17,2,5.8,1,-11.666666666666668,-2.625000000000001
5.8,1,34.1,2643,2074,0.78,23,2069,47,88,46,73.4,4.45,3.3833333333333333,13:11:19,2,5.8,1,-11.633333333333335,-2.607500000000001
5.8,1,26.5,2057,1633,0.79,19,1781,33.3,86,48,81.2,4.5,3.4333333333333336,13:11:22,2,5.8,1,-11.583333333333334,-2.5812500000000007
5.8,1,50,3880,3053,0.79,28,2531,70.6,90,45,60,4.55,3.4833333333333334,13:11:25,2,5.8,1,-11.533333333333335,-2.5550000000000015
5.7,1,44.3,3437,2893,0.84,30,2499,73.9,97,41,58.2,4.583333333333333,3.5166666666666666,13:11:27,2,5.8,1,-11.5,-2.5375000000000005
5.7,1,33.4,2594,2233,0.86,31,1953,59.8,100,40,66.2,4.616666666666667,3.55,13:11:29,2,5.8,1,-11.466666666666669,-2.5200000000000014
5.8,1,39.6,3069,2819,0.92,36,2046,72.6,100,40,58.9,4.633333333333333,3.5666666666666664,13:11:30,2,5.8,1,-11.450000000000001,-2.5112500000000004
5.8,1,27.5,2132,1978,0.93,28,1825,51.2,98,42,71.1,4.666666666666667,3.6,13:11:32,2,5.8,1,-11.416666666666668,-2.4937500000000012
5.8,1,28.3,2196,1897,0.86,24,1794,42.9,95,44,75.7,4.716666666666667,3.65,13:11:35,2,5.8,1,-11.366666666666667,-2.4675000000000002
5.7,1,31.1,2412,2092,0.87,25,1975,49,92,46,72.3,4.75,3.6833333333333336,13:11:37,2,5.8,1,-11.333333333333334,-2.45
5.8,1,23.1,1791,1443,0.81,16,1861,29.2,87,49,83.5,4.816666666666666,3.75,13:11:41,2,5.8,1,-11.266666666666667,-2.415000000000001
5.7,1,40.3,3124,2343,0.75,27,1761,47.2,83,49,73.3,4.85,3.783333333333333,13:11:43,2,5.8,1,-11.233333333333334,-2.397500000000001
5.7,1,36.3,2817,2383,0.85,21,2911,60.4,96,42,65.8,4.9,3.8333333333333335,13:11:46,2,5.8,1,-11.183333333333334,-2.3712500000000007
5.8,1,11.7,906,806,0.89,30,794,24.2,101,39,86.3,4.933333333333334,3.8666666666666663,13:11:48,2,5.8,1,-11.150000000000002,-2.3537500000000016
5.8,1,46.1,3573,2994,0.84,38,1824,68.8,92,45,61.1,4.966666666666667,3.9,13:11:50,2,5.8,1,-11.116666666666667,-2.3362500000000006
5.8,1,39.7,3082,2548,0.83,26,2297,59.7,92,45,66.2,5,3.9333333333333336,13:11:52,2,5.8,1,-11.083333333333334,-2.3187500000000005
5.8,1,34,2638,2179,0.83,23,2017,46.9,91,46,73.5,5.05,3.9833333333333334,13:11:55,2,5.8,1,-11.033333333333335,-2.2925000000000013
5.8,1,25.3,1965,1577,0.8,14,2208,31.5,75,55,82.2,5.116666666666666,4.05,13:11:59,2,5.8,1,-10.966666666666669,-2.257500000000001
5.8,1,39.1,3034,2464,0.81,26,2283,58.5,93,43,66.9,5.15,4.083333333333333,13:12:01,2,5.8,1,-10.933333333333334,-2.24
5.8,1,40.4,3132,2527,0.81,28,2079,58.8,91,45,66.7,5.183333333333334,4.116666666666666,13:12:03,2,5.8,1,-10.900000000000002,-2.222500000000001
5.8,1,38.3,2974,2497,0.84,28,2137,60.5,94,43,65.8,5.216666666666667,4.15,13:12:05,2,5.8,1,-10.866666666666667,-2.205
5.6,1,33.2,2575,2220,0.86,28,1961,54.5,94,44,69.2,5.266666666666667,4.2,13:12:08,2,5.8,1,-10.816666666666666,-2.17875
5.8,1,33.1,2569,2247,0.87,29,1922,56.2,98,42,68.2,5.3,4.233333333333333,13:12:10,2,5.8,1,-10.783333333333335,-2.161250000000001
5.8,1,31.5,2445,2068,0.85,24,1856,44,91,46,75.1,5.333333333333333,4.266666666666667,13:12:12,2,5.8,1,-10.75,-2.14375
5.7,1,32.9,2552,2193,0.86,25,2077,51.7,94,45,70.7,5.383333333333334,4.316666666666666,13:12:15,2,5.8,1,-10.700000000000001,-2.1175000000000006
5.7,1,41.1,3187,2713,0.85,27,2228,61.1,92,45,65.5,5.416666666666667,4.35,13:12:17,2,5.8,1,-10.666666666666668,-2.1000000000000005
5.7,1,23.9,1855,1601,0.86,17,2360,39.5,89,49,77.6,5.466666666666667,4.4,13:12:20,2,5.8,1,-10.616666666666667,-2.0737500000000004
5.7,1,51.2,3970,3263,0.82,34,2212,75.8,91,45,57.1,5.5,4.433333333333334,13:12:22,2,5.8,1,-10.583333333333334,-2.0562500000000004
5.7,1,41.7,3234,2898,0.9,33,2423,79.5,101,39,55,5.533333333333333,4.466666666666667,13:12:24,2,5.8,1,-10.55,-2.0387500000000003
5.8,1,37.5,2909,2683,0.92,28,2513,69.8,100,41,60.5,5.566666666666666,4.5,13:12:26,2,5.8,1,-10.516666666666667,-2.021250000000001
5.8,1,26.3,2040,1865,0.91,24,1893,45.1,96,44,74.5,5.616666666666667,4.55,13:12:29,2,5.8,1,-10.466666666666669,-1.995000000000001
5.7,1,31.7,2456,2192,0.89,25,2084,53,96,44,70,5.65,4.583333333333333,13:12:31,2,5.8,1,-10.433333333333334,-1.9775
5.8,1,27.3,2120,1830,0.86,27,1595,43.5,92,46,75.4,5.683333333333334,4.616666666666667,13:12:33,2,5.8,1,-10.4,-1.9600000000000009
5.8,1,31.6,2447,2045,0.84,21,2218,47.5,90,48,73.1,5.733333333333333,4.666666666666667,13:12:36,2,5.8,1,-10.350000000000001,-1.9337500000000007
5.7,1,35.1,2724,2314,0.85,23,2400,55.4,94,44,68.7,5.783333333333333,4.716666666666667,13:12:39,2,5.8,1,-10.3,-1.9075000000000006
5.7,1,35.6,2762,2318,0.84,28,1978,56,93,44,68.3,5.816666666666666,4.75,13:12:41,2,5.8,1,-10.266666666666667,-1.8900000000000006
5.8,1,32.6,2532,2156,0.85,24,2147,51.3,92,45,71,5.85,4.783333333333333,13:12:43,2,5.8,1,-10.233333333333334,-1.8725000000000005
5.8,1,28.2,2186,1823,0.83,21,1980,40.7,88,48,77,5.9,4.833333333333333,13:12:46,2,5.8,1,-10.183333333333334,-1.8462500000000004
5.8,1,31.7,2457,2051,0.83,22,2139,46.5,90,46,73.7,5.95,4.883333333333333,13:12:49,2,5.8,1,-10.133333333333335,-1.8200000000000012
5.7,1,25.4,1972,1644,0.83,12,3208,38.9,83,51,78,6.033333333333333,4.966666666666667,13:12:54,2,5.8,1,-10.05,-1.776250000000001
5.7,1,43.7,3387,2699,0.8,29,2141,61.2,87,47,65.4,6.066666666666666,5,13:12:56,2,5.8,1,-10.016666666666667,-1.758750000000001
5.8,1,41.8,3243,2699,0.83,30,2300,69.3,98,41,60.8,6.1,5.033333333333333,13:12:58,2,5.8,1,-9.983333333333334,-1.7412500000000009
5.8,1,36.2,2807,2466,0.88,39,1652,63.9,98,41,63.8,6.133333333333334,5.066666666666666,13:13:00,2,5.8,1,-9.950000000000001,-1.7237500000000008
5.7,1,30.9,2393,2184,0.91,33,1689,55.7,97,43,68.5,6.15,5.083333333333333,13:13:01,2,5.8,1,-9.933333333333334,-1.7150000000000007
5.8,1,42.4,3292,3164,0.96,65,1246,81.3,98,42,54,6.166666666666667,5.1,13:13:02,2,5.8,1,-9.916666666666668,-1.7062500000000007
5.8,1,34.9,2708,2472,0.91,35,1800,63.5,100,41,64,6.2,5.133333333333334,13:13:04,2,5.8,1,-9.883333333333333,-1.6887499999999998
5.8,1,28.4,2200,1968,0.89,26,1809,46.8,97,44,73.5,6.233333333333333,5.166666666666667,13:13:06,2,5.8,1,-9.850000000000001,-1.6712500000000006
5.7,1,23.2,1800,1525,0.85,16,1906,30.3,86,50,82.8,6.3,5.233333333333333,13:13:10,2,5.8,1,-9.783333333333335,-1.6362500000000013
5.8,1,43.5,3372,2895,0.86,33,1993,65.7,92,46,62.8,6.333333333333333,5.266666666666667,13:13:12,2,5.8,1,-9.75,-1.6187500000000004
5.8,1,30.6,2375,2206,0.93,19,3051,57.4,100,41,67.5,6.383333333333334,5.316666666666666,13:13:15,2,5.8,1,-9.700000000000001,-1.5925000000000011
5.7,1,36.9,2866,2524,0.88,35,1701,59.7,93,45,66.2,6.416666666666667,5.35,13:13:17,2,5.8,1,-9.666666666666668,-1.575000000000001
5.8,1,27.3,2119,1866,0.88,33,1398,45.8,95,44,74.1,6.45,5.383333333333334,13:13:19,2,5.8,1,-9.633333333333333,-1.5575
5.8,1,29.8,2313,2014,0.87,28,1737,48,92,46,72.8,6.483333333333333,5.416666666666667,13:13:21,2,5.8,1,-9.600000000000001,-1.540000000000001
5.8,1,30.8,2386,2009,0.84,22,1946,43.4,93,46,75.4,6.533333333333333,5.466666666666667,13:13:24,2,5.8,1,-9.55,-1.5137500000000008
5.7,1,25.2,1958,1645,0.84,22,1576,35.2,90,47,80.1,6.566666666666666,5.5,13:13:26,2,5.8,1,-9.516666666666667,-1.4962500000000007
5.8,1,40.8,3166,2691,0.85,32,1949,61.9,94,45,65,6.6,5.533333333333333,13:13:28,2,5.8,1,-9.483333333333334,-1.4787500000000007
5.8,1,33.5,2602,2237,0.86,31,1559,48.7,92,46,72.4,6.633333333333333,5.566666666666666,13:13:30,2,5.8,1,-9.450000000000001,-1.4612500000000006
5.8,1,41.6,3228,2834,0.88,29,2439,70,95,44,60.4,6.666666666666667,5.6,13:13:32,2,5.8,1,-9.416666666666668,-1.4437500000000005
5.8,1,34.1,2648,2314,0.87,24,2287,54.7,93,45,69.1,6.716666666666667,5.65,13:13:35,2,5.8,1,-9.366666666666667,-1.4175000000000004
5.7,1,33.6,2604,2290,0.88,32,1732,55.9,94,44,68.4,6.733333333333333,5.666666666666667,13:13:36,2,5.8,1,-9.350000000000001,-1.4087500000000013
5.7,1,25.5,1975,1657,0.84,22,1583,34,88,48,80.7,6.783333333333333,5.716666666666667,13:13:39,2,5.8,1,-9.3,-1.3825000000000003
5.8,1,29.8,2311,1965,0.85,24,1755,42.3,91,46,76.1,6.833333333333333,5.766666666666667,13:13:42,2,5.8,1,-9.25,-1.3562500000000002
5.8,1,34.9,2705,2356,0.87,28,2014,56.5,92,46,68.1,6.866666666666667,5.8,13:13:44,2,5.8,1,-9.216666666666669,-1.338750000000001
5.7,1,33.9,2632,2324,0.88,29,1950,57.1,98,42,67.7,6.9,5.833333333333333,13:13:46,2,5.8,1,-9.183333333333334,-1.32125
5.8,1,35.3,2740,2413,0.88,25,2117,53.6,95,44,69.7,6.933333333333334,5.866666666666667,13:13:48,2,5.8,1,-9.15,-1.30375
5.8,1,21,1632,1446,0.89,20,1581,31.7,94,45,82,6.983333333333333,5.916666666666667,13:13:51,2,5.8,1,-9.100000000000001,-1.2775000000000007
5.8,1,37.5,2912,2538,0.87,30,1934,57.4,91,46,67.5,7.016666666666667,5.95,13:13:53,2,5.8,1,-9.066666666666666,-1.2599999999999998
4,1,31.4,2436,2053,0.84,18,2658,47.5,89,48,73.1,7.083333333333333,6.016666666666667,13:13:57,3,2.3,1,-9,-1.2250000000000005
2.2,1,25.3,1963,1710,0.87,30,1383,41.7,96,43,76.4,7.116666666666666,6.05,13:13:59,3,2.3,1,-8.966666666666669,-1.2075000000000014
2.2,1,38.1,2955,2550,0.86,36,1727,62,95,44,64.9,7.133333333333334,6.066666666666666,13:14:00,3,2.3,1,-8.950000000000001,-1.1987500000000004
2.3,1,8.5,656,632,0.96,21,820,17.2,101,40,90.3,7.183333333333334,6.116666666666666,13:14:03,3,2.3,1,-8.900000000000002,-1.1725000000000012
2.3,1,29.7,2303,2035,0.88,18,2535,45.8,94,46,74.1,7.25,6.183333333333334,13:14:07,3,2.3,1,-8.833333333333334,-1.1375000000000002
2.2,1,42.2,3276,2733,0.83,28,2143,60.4,90,47,65.9,7.283333333333333,6.216666666666667,13:14:09,3,2.3,1,-8.8,-1.120000000000001
2.2,1,33.2,2574,2285,0.89,28,2042,57.5,97,43,67.5,7.316666666666666,6.25,13:14:11,3,2.3,1,-8.766666666666667,-1.102500000000001
2.2,1,31.8,2468,2267,0.92,25,2140,54,97,43,69.5,7.35,6.283333333333333,13:14:13,3,2.3,1,-8.733333333333334,-1.0850000000000009
2.3,1,25.3,1964,1830,0.93,27,1677,45.3,99,43,74.4,7.383333333333334,6.316666666666666,13:14:15,3,2.3,1,-8.700000000000001,-1.0675000000000008
2.3,1,21.2,1648,1594,0.97,14,2660,37.6,99,43,78.7,7.466666666666667,6.4,13:14:20,3,2.3,1,-8.616666666666667,-1.0237500000000006
2.3,1,26.5,2054,1849,0.9,22,1863,40.2,92,48,77.2,7.5,6.433333333333334,13:14:22,3,2.3,1,-8.583333333333334,-1.0062500000000005
2.3,1,17.8,1380,1199,0.87,14,1596,23,86,52,87,7.583333333333333,6.516666666666667,13:14:27,3,2.3,1,-8.5,-0.9625000000000004
2.3,1,33.6,2609,2305,0.88,28,1729,49.2,90,48,72.2,7.616666666666667,6.55,13:14:29,3,2.3,1,-8.466666666666669,-0.9450000000000012
2.3,1,20.3,1572,1539,0.98,17,2480,41.1,105,39,76.7,7.666666666666667,6.6,13:14:32,3,2.3,1,-8.416666666666668,-0.9187500000000011
2.3,1,27.3,2120,2067,0.97,25,1969,49.4,99,44,72,7.716666666666667,6.65,13:14:35,3,2.3,1,-8.366666666666667,-0.8925000000000001
2.2,1,11.8,916,908,0.99,18,1290,23.2,101,43,86.9,7.766666666666667,6.7,13:14:38,3,2.3,1,-8.316666666666666,-0.86625
2.2,1,19.4,1502,1365,0.91,22,1209,26.5,89,50,85,7.816666666666666,6.75,13:14:41,3,2.3,1,-8.266666666666667,-0.8400000000000007
2.4,1,29.4,2279,2193,0.96,29,1796,52.6,98,44,70.3,7.85,6.783333333333333,13:14:43,3,2.3,1,-8.233333333333334,-0.8225000000000007
2.2,1,22.5,1746,1787,1.02,20,2282,44.9,102,42,74.6,7.9,6.833333333333333,13:14:46,3,2.3,1,-8.183333333333334,-0.7962500000000006
2.3,1,13.8,1067,1111,1.04,16,1647,26.4,102,43,85.1,7.966666666666667,6.9,13:14:50,3,2.3,1,-8.116666666666667,-0.7612500000000004
2.2,1,23.3,1804,1878,1.04,27,1695,46.4,102,43,73.7,8,6.933333333333334,13:14:52,3,2.3,1,-8.083333333333334,-0.7437500000000004
2.3,1,15.5,1201,1239,1.03,33,1012,33.7,102,43,80.9,8.033333333333333,6.966666666666667,13:14:54,3,2.3,1,-8.05,-0.7262500000000003
2.3,1,17,1316,1372,1.04,32,1105,35.4,103,42,79.9,8.066666666666666,7,13:14:56,3,2.3,1,-8.016666666666667,-0.7087500000000002
2.3,1,15.8,1229,1307,1.06,23,1481,34.7,105,41,80.4,8.1,7.033333333333333,13:14:58,3,2.3,1,-7.983333333333334,-0.691250000000001
2.3,1,9.4,731,774,1.06,10,1782,17.7,98,47,90,8.2,7.133333333333334,13:15:04,3,2.3,1,-7.883333333333334,-0.6387500000000008
2.3,1,17,1317,1306,0.99,17,1780,29.8,98,45,83.1,8.266666666666667,7.2,13:15:08,3,2.3,1,-7.816666666666667,-0.6037500000000007
2.3,1,15,1166,1172,1,16,1684,27.5,103,42,84.4,8.316666666666666,7.25,13:15:11,3,2.3,1,-7.7666666666666675,-0.5775000000000006
2.3,1,13.6,1055,1058,1,21,1273,27,103,42,84.7,8.366666666666667,7.3,13:15:14,3,2.3,1,-7.716666666666668,-0.5512500000000005
2.3,1,15.3,1190,1218,1.02,19,1550,29.1,103,41,83.6,8.416666666666666,7.35,13:15:17,3,2.3,1,-7.666666666666668,-0.5250000000000004
2.3,1,10.6,819,827,1.01,17,1262,21.5,100,44,87.8,8.483333333333333,7.416666666666667,13:15:21,3,2.3,1,-7.6000000000000005,-0.49000000000000066
2.3,1,14.6,1133,1125,0.99,21,1340,28.4,101,42,83.9,8.533333333333333,7.466666666666667,13:15:24,3,2.3,1,-7.550000000000001,-0.46375000000000055
2.3,1,10.4,804,819,1.02,17,1300,22.5,104,40,87.2,8.583333333333334,7.516666666666667,13:15:27,3,2.3,1,-7.500000000000001,-0.43750000000000044
2.3,1,23.8,1845,1808,0.98,22,2027,45.4,102,42,74.3,8.633333333333333,7.566666666666666,13:15:30,3,2.3,1,-7.450000000000001,-0.4112500000000008
2.3,1,5.8,453,447,0.99,11,981,10.4,100,44,94.1,8.733333333333333,7.666666666666667,13:15:36,3,2.3,1,-7.3500000000000005,-0.35875000000000057
2.3,1,19.1,1484,1402,0.94,25,1380,33.9,97,45,80.8,8.766666666666667,7.7,13:15:38,3,2.3,1,-7.316666666666667,-0.3412500000000005
2.3,1,14.2,1100,1052,0.96,22,1238,27.6,102,41,84.4,8.816666666666666,7.75,13:15:41,3,2.3,1,-7.2666666666666675,-0.3150000000000004
2.3,1,17.3,1345,1294,0.96,20,1684,33.6,103,40,81,8.866666666666667,7.8,13:15:44,3,2.3,1,-7.216666666666668,-0.28875000000000073
2.3,1,11.6,897,885,0.99,16,1484,23.5,104,40,86.7,8.916666666666666,7.85,13:15:47,3,2.3,1,-7.166666666666668,-0.2625000000000006
2.3,1,12.4,965,944,0.98,12,1919,23.2,99,44,86.9,9,7.933333333333334,13:15:52,3,2.3,1,-7.083333333333334,-0.21875000000000044
2.3,1,8.8,686,650,0.95,16,1023,16.7,97,44,90.6,9.066666666666666,8,13:15:56,3,2.3,1,-7.0166666666666675,-0.18375000000000075
2.3,1,15.4,1196,1256,1.05,12,2928,34.6,103,41,80.4,9.15,8.083333333333334,13:16:01,3,2.3,1,-6.933333333333334,-0.14000000000000012
2.3,1,13.9,1080,1107,1.03,20,1521,30.6,107,38,82.7,9.2,8.133333333333333,13:16:04,3,2.3,1,-6.883333333333335,-0.1137500000000009
2.4,1,5.4,421,410,0.97,10,902,9.5,99,43,94.6,9.3,8.233333333333333,13:16:10,3,2.3,1,-6.783333333333335,-0.06125000000000114
2.3,1,20.2,1565,1443,0.92,23,1489,34.5,96,44,80.5,9.35,8.283333333333333,13:16:13,3,2.3,1,-6.733333333333334,-0.035000000000000586
2.3,1,14.5,1128,1065,0.94,15,1814,27.4,102,40,84.5,9.4,8.333333333333334,13:16:16,3,2.3,1,-6.683333333333334,-0.00875000000000048
2.3,1,16.1,1252,1159,0.93,22,1338,29.6,99,42,83.2,9.45,8.383333333333333,13:16:19,3,2.3,1,-6.633333333333335,0.017499999999999183
2.3,1,12.5,967,908,0.94,25,1015,25.1,101,41,85.8,9.5,8.433333333333334,13:16:22,3,2.3,1,-6.583333333333334,0.043749999999999734
2.3,1,7,545,532,0.98,10,1445,14.7,103,40,91.7,9.583333333333334,8.516666666666667,13:16:27,3,2.3,1,-6.5,0.08749999999999991
2.3,1,11.4,881,803,0.91,19,1088,20.2,96,44,88.6,9.65,8.583333333333334,13:16:31,3,2.3,1,-6.433333333333334,0.12249999999999961
2.3,1,10.6,824,740,0.9,15,1159,17.2,96,44,90.3,9.716666666666669,8.65,13:16:35,3,2.3,1,-6.366666666666667,0.15749999999999975
2.3,1,10.6,819,729,0.89,16,994,16,94,45,91,9.783333333333331,8.716666666666667,13:16:39,3,2.3,1,-6.300000000000001,0.19249999999999945
2.3,1,10.4,810,696,0.86,13,1201,15.4,91,46,91.3,9.85,8.783333333333333,13:16:43,3,2.3,1,-6.233333333333334,0.22749999999999915
2.3,1,19.9,1540,1344,0.87,22,1484,33.3,97,43,81.1,9.9,8.833333333333334,13:16:46,3,2.3,1,-6.183333333333334,0.2537499999999997
2.3,1,17.7,1374,1295,0.94,18,1830,32.9,102,40,81.4,9.95,8.883333333333333,13:16:49,3,2.3,1,-6.133333333333335,0.27999999999999936
2.3,1,14.5,1122,1100,0.98,18,1602,29.5,105,39,83.3,10,8.933333333333334,13:16:52,3,2.3,1,-6.083333333333334,0.30624999999999947
2.5,1,12.7,987,971,0.98,24,1017,24.4,103,40,86.2,10.05,8.983333333333333,13:16:55,3,2.3,1,-6.033333333333335,0.33249999999999913
4.2,1,18.3,1418,1401,0.99,29,1294,37.3,101,42,78.9,10.083333333333334,9.016666666666667,13:16:57,4,4.9,1,-6,0.34999999999999964
4.8,1,16.2,1259,1278,1.01,29,1189,34.5,103,40,80.5,10.116666666666667,9.05,13:16:59,4,4.9,1,-5.966666666666667,0.3674999999999997
4.8,1,10.4,805,820,1.02,20,1115,22.2,103,41,87.5,10.166666666666666,9.1,13:17:02,4,4.9,1,-5.916666666666668,0.3937499999999994
4.8,1,20.4,1585,1561,0.99,31,1311,40.1,102,41,77.3,10.2,9.133333333333333,13:17:04,4,4.9,1,-5.883333333333335,0.411249999999999
4.8,1,17.6,1365,1357,0.99,27,1316,35.7,101,42,79.8,10.233333333333333,9.166666666666666,13:17:06,4,4.9,1,-5.850000000000001,0.4287499999999991
5,1,19.6,1521,1574,1.03,27,1543,42.3,104,41,76.1,10.283333333333331,9.216666666666669,13:17:09,4,4.9,1,-5.799999999999999,0.4550000000000005
4.8,1,13.9,1076,1125,1.05,21,1403,30.1,104,42,83,10.316666666666666,9.25,13:17:11,4,4.9,1,-5.7666666666666675,0.47249999999999925
5,1,10.3,800,846,1.06,39,659,25.9,107,39,85.4,10.35,9.283333333333331,13:17:13,4,4.9,1,-5.733333333333336,0.48999999999999844
4.8,1,15.8,1226,1296,1.06,43,858,37,105,40,79.1,10.366666666666667,9.3,13:17:14,4,4.9,1,-5.716666666666667,0.4987499999999998
4.8,1,18.7,1448,1457,1.01,31,1199,37.1,101,43,79,10.4,9.333333333333334,13:17:16,4,4.9,1,-5.683333333333334,0.5162499999999999
4.8,1,13.9,1076,1091,1.01,37,834,30.9,104,40,82.5,10.433333333333334,9.366666666666667,13:17:18,4,4.9,1,-5.65,0.5337499999999995
4.8,1,14.4,1120,1006,0.9,17,1253,21.7,92,47,87.7,10.483333333333333,9.416666666666666,13:17:21,4,4.9,1,-5.600000000000001,0.5599999999999992
4.8,1,17.6,1366,1260,0.92,39,899,35,100,41,80.2,10.516666666666667,9.45,13:17:23,4,4.9,1,-5.566666666666668,0.5774999999999992
4.8,1,30.1,2338,2220,0.95,21,2811,59,103,39,66.6,10.566666666666666,9.5,13:17:26,4,4.9,1,-5.5166666666666675,0.6037499999999993
4.8,1,14.3,1108,983,0.89,39,749,29.6,101,40,83.3,10.583333333333334,9.516666666666667,13:17:27,4,4.9,1,-5.5,0.6124999999999998
4.8,1,13.7,1065,964,0.9,42,677,28.6,102,39,83.8,10.616666666666667,9.55,13:17:29,4,4.9,1,-5.466666666666667,0.6299999999999999
4.8,1,9.2,716,655,0.92,38,533,20.5,101,39,88.4,10.633333333333333,9.566666666666666,13:17:30,4,4.9,1,-5.450000000000001,0.6387499999999995
4.8,1,27.7,2147,1811,0.84,37,1173,43.7,94,44,75.3,10.666666666666666,9.6,13:17:32,4,4.9,1,-5.416666666666668,0.6562499999999991
4.8,1,18.2,1410,1203,0.85,53,665,35.3,96,42,80,10.683333333333334,9.616666666666667,13:17:33,4,4.9,1,-5.4,0.6649999999999996
5,1,15,1165,979,0.84,42,686,28.8,97,41,83.7,10.7,9.633333333333333,13:17:34,4,4.9,1,-5.383333333333335,0.6737499999999992
4.8,1,21.1,1635,1350,0.83,43,859,36.8,95,42,79.2,10.733333333333333,9.666666666666666,13:17:36,4,4.9,1,-5.350000000000001,0.6912499999999993
4.8,1,33.8,2623,2090,0.8,30,1663,50.1,93,43,71.6,10.766666666666667,9.7,13:17:38,4,4.9,1,-5.316666666666668,0.7087499999999989
4.8,1,16.2,1259,981,0.78,15,1495,22.2,82,49,87.4,10.833333333333334,9.766666666666667,13:17:42,4,4.9,1,-5.25,0.7437499999999999
5,1,33.6,2606,1945,0.75,28,1639,45.9,88,44,74,10.866666666666667,9.8,13:17:44,4,4.9,1,-5.216666666666667,0.76125
4.8,1,22.6,1751,1363,0.78,20,1747,35.2,88,45,80.1,10.916666666666666,9.85,13:17:47,4,4.9,1,-5.166666666666668,0.7874999999999992
4.8,1,28.5,2207,1730,0.78,20,2149,42.4,91,43,76,10.966666666666669,9.9,13:17:50,4,4.9,1,-5.116666666666667,0.8137499999999998
4.8,1,10.8,841,663,0.79,31,669,20.9,96,40,88.2,11,9.933333333333334,13:17:52,4,4.9,1,-5.083333333333334,0.8312499999999994
4.8,1,39.6,3074,2371,0.77,33,1642,53.5,88,45,69.7,11.033333333333331,9.966666666666669,13:17:54,4,4.9,1,-5.049999999999999,0.8487500000000003
4.8,1,29.7,2301,1825,0.79,26,1725,44.8,92,43,74.7,11.066666666666666,10,13:17:56,4,4.9,1,-5.0166666666666675,0.8662499999999995
4.8,1,18,1393,1069,0.77,22,1125,24.9,87,46,85.9,11.116666666666667,10.05,13:17:59,4,4.9,1,-4.966666666666667,0.8924999999999996
4.8,1,13.9,1082,838,0.77,20,1027,20.7,90,44,88.3,11.166666666666666,10.1,13:18:02,4,4.9,1,-4.916666666666668,0.9187499999999993
5,1,26.2,2034,1467,0.72,21,1547,32.3,83,48,81.7,11.216666666666669,10.15,13:18:05,4,4.9,1,-4.866666666666667,0.9449999999999998
4.8,1,40.5,3144,2282,0.73,25,2028,51.1,84,47,71.1,11.25,10.183333333333334,13:18:07,4,4.9,1,-4.833333333333334,0.9624999999999995
5,1,33.5,2598,1962,0.76,29,1629,46.8,87,44,73.5,11.283333333333331,10.216666666666669,13:18:09,4,4.9,1,-4.799999999999999,0.9800000000000004
4.8,1,20.2,1567,1246,0.79,17,1690,29.4,92,42,83.4,11.333333333333334,10.266666666666667,13:18:12,4,4.9,1,-4.75,1.00625
4.8,1,34.7,2691,2025,0.75,22,2064,44.5,85,47,74.8,11.383333333333333,10.316666666666666,13:18:15,4,4.9,1,-4.700000000000001,1.0324999999999993
4.8,1,34.5,2676,2053,0.77,25,1985,49.8,91,44,71.8,11.433333333333334,10.366666666666667,13:18:18,4,4.9,1,-4.65,1.0587499999999999
4.8,1,33.2,2574,2052,0.8,31,1640,51.2,93,43,71,11.466666666666669,10.4,13:18:20,4,4.9,1,-4.616666666666667,1.0762499999999995
4.8,1,25.1,1947,1598,0.82,35,1211,42.5,96,41,76,11.483333333333333,10.416666666666666,13:18:21,4,4.9,1,-4.600000000000001,1.084999999999999
5,1,26.7,2068,1697,0.82,33,1287,42.2,91,44,76.1,11.516666666666667,10.45,13:18:23,4,4.9,1,-4.566666666666668,1.1024999999999991
4.8,1,31.7,2458,1989,0.81,31,1571,48.3,93,43,72.6,11.55,10.483333333333333,13:18:25,4,4.9,1,-4.533333333333335,1.1199999999999992
5,1,22.1,1713,1424,0.83,21,1542,32,92,44,81.9,11.6,10.533333333333331,13:18:28,4,4.9,1,-4.483333333333336,1.1462499999999984
4.8,1,38.9,3014,2422,0.8,36,1598,57.1,90,45,67.7,11.633333333333333,10.566666666666666,13:18:30,4,4.9,1,-4.450000000000001,1.1637499999999994
5,1,32.7,2537,2109,0.83,27,1958,52.7,95,42,70.2,11.666666666666666,10.6,13:18:32,4,4.9,1,-4.416666666666668,1.1812499999999995
4.8,1,17.3,1341,1126,0.84,15,1749,26.3,87,49,85.1,11.733333333333333,10.666666666666666,13:18:36,4,4.9,1,-4.350000000000001,1.2162499999999992
4.8,1,34.5,2675,2163,0.81,40,1375,55,93,43,68.9,11.75,10.683333333333334,13:18:37,4,4.9,1,-4.333333333333334,1.2249999999999996
4.8,1,34.2,2656,2151,0.81,33,1611,53.4,93,43,69.8,11.783333333333331,10.716666666666669,13:18:39,4,4.9,1,-4.299999999999999,1.2425000000000006
4.8,1,27.7,2151,1795,0.83,32,1504,48.8,98,41,72.4,11.816666666666666,10.75,13:18:41,4,4.9,1,-4.2666666666666675,1.2599999999999993
4.8,1,26.2,2033,1719,0.85,28,1560,43.1,96,43,75.6,11.85,10.783333333333331,13:18:43,4,4.9,1,-4.233333333333336,1.2774999999999985
4.8,1,17.2,1336,1161,0.87,42,813,34.4,100,40,80.6,11.883333333333333,10.816666666666666,13:18:45,4,4.9,1,-4.200000000000001,1.2949999999999995
4.8,1,13.3,1031,893,0.87,41,665,27.2,99,40,84.6,11.9,10.833333333333334,13:18:46,4,4.9,1,-4.183333333333334,1.30375
4.8,1,37.4,2900,2405,0.83,32,1673,53.7,90,46,69.6,11.933333333333334,10.866666666666667,13:18:48,4,4.9,1,-4.15,1.3212499999999996
4.8,1,25.7,1990,1624,0.82,29,1192,35.1,89,46,80.2,11.966666666666669,10.9,13:18:50,4,4.9,1,-4.116666666666667,1.3387499999999997
4.8,1,23.3,1807,1550,0.86,13,3112,40.8,85,49,76.9,12.05,10.983333333333333,13:18:55,4,4.9,1,-4.033333333333335,1.382499999999999
4.8,1,34.8,2698,2199,0.82,30,1737,52.7,90,45,70.2,12.083333333333334,11.016666666666667,13:18:57,4,4.9,1,-4,1.4
4.8,1,31.2,2423,1992,0.82,30,1667,49.3,95,43,72.1,12.116666666666667,11.05,13:18:59,4,4.9,1,-3.966666666666667,1.4175
5,1,31.7,2457,2104,0.86,34,1613,54.7,99,40,69.1,12.133333333333333,11.066666666666666,13:19:00,4,4.9,1,-3.950000000000001,1.4262499999999996
4.8,1,30.9,2397,2071,0.86,27,1957,52.2,96,43,70.5,12.183333333333334,11.116666666666667,13:19:03,4,4.9,1,-3.9000000000000004,1.4524999999999997
5,1,25.8,2002,1750,0.87,27,1612,44.2,98,42,75,12.216666666666669,11.15,13:19:05,4,4.9,1,-3.866666666666667,1.4699999999999998
4.8,1,11.9,925,810,0.88,36,681,24.6,100,40,86.1,12.233333333333333,11.166666666666666,13:19:06,4,4.9,1,-3.8500000000000014,1.4787499999999993
5,1,18.8,1462,1274,0.87,43,787,34.2,95,43,80.7,12.266666666666667,11.2,13:19:08,4,4.9,1,-3.816666666666668,1.496249999999999
5,1,19.1,1485,1225,0.83,43,767,32.6,93,44,81.5,12.283333333333331,11.216666666666669,13:19:09,4,4.9,1,-3.799999999999999,1.5050000000000006
5,1,32.9,2554,2029,0.79,34,1363,45.9,87,47,74,12.316666666666666,11.25,13:19:11,4,4.9,1,-3.7666666666666675,1.5224999999999995
4.8,1,28,2174,1805,0.83,34,1357,45.8,96,42,74.1,12.35,11.283333333333331,13:19:13,4,4.9,1,-3.733333333333336,1.5399999999999985
4.8,1,9.2,715,606,0.85,17,841,14.6,94,44,91.8,12.4,11.333333333333334,13:19:16,4,4.9,1,-3.6833333333333336,1.5662499999999997
4.8,1,50,3879,2995,0.77,39,1657,64.1,83,48,63.7,12.433333333333334,11.366666666666667,13:19:18,4,4.9,1,-3.6500000000000004,1.5837499999999998
4.8,1,39.3,3050,2451,0.8,34,1806,60.6,92,43,65.7,12.466666666666669,11.4,13:19:20,4,4.9,1,-3.616666666666667,1.6012499999999996
4.8,1,30.3,2346,1973,0.84,33,1603,52.3,95,42,70.4,12.483333333333333,11.416666666666666,13:19:21,4,4.9,1,-3.6000000000000014,1.6099999999999992
4.8,1,30.2,2341,2016,0.86,30,1729,52.4,97,41,70.3,12.516666666666667,11.45,13:19:23,4,4.9,1,-3.566666666666668,1.627499999999999
4.8,1,23,1785,1530,0.86,21,1674,35,95,44,80.2,12.566666666666666,11.5,13:19:26,4,4.9,1,-3.5166666666666675,1.6537499999999994
4.8,1,30.1,2332,2037,0.87,31,1624,50,97,43,71.7,12.6,11.533333333333331,13:19:28,4,4.9,1,-3.483333333333336,1.6712499999999986
4.8,1,30.5,2369,2076,0.88,31,1679,51.7,95,43,70.8,12.633333333333333,11.566666666666666,13:19:30,4,4.9,1,-3.450000000000001,1.6887499999999993
4.8,1,17.6,1367,1186,0.87,26,1093,28.1,95,44,84.1,12.683333333333334,11.616666666666667,13:19:33,4,4.9,1,-3.4000000000000004,1.7149999999999996
5,1,34.2,2654,2266,0.85,35,1546,54.6,94,44,69.1,12.7,11.633333333333333,13:19:34,4,4.9,1,-3.3833333333333346,1.7237499999999992
4.8,1,29.4,2282,1941,0.85,31,1569,48.3,94,44,72.7,12.733333333333333,11.666666666666666,13:19:36,4,4.9,1,-3.3500000000000014,1.741249999999999
4.8,1,28,2170,1880,0.87,29,1633,46.7,95,43,73.6,12.766666666666667,11.7,13:19:38,4,4.9,1,-3.316666666666668,1.7587499999999991
4.8,1,29.5,2289,1990,0.87,33,1517,50.3,96,43,71.6,12.8,11.733333333333333,13:19:40,4,4.9,1,-3.283333333333335,1.776249999999999
4.8,1,24,1862,1602,0.86,25,1454,35.7,91,46,79.8,12.85,11.783333333333331,13:19:43,4,4.9,1,-3.233333333333336,1.8024999999999984
4.8,1,35.9,2785,2398,0.86,38,1546,58.3,97,42,67,12.866666666666667,11.8,13:19:44,4,4.9,1,-3.216666666666667,1.8112499999999998
4.8,1,27.3,2121,1849,0.87,34,1443,49.5,101,40,72,12.9,11.833333333333334,13:19:46,4,4.9,1,-3.1833333333333336,1.8287499999999999
4.8,1,26.4,2046,1818,0.89,36,1278,46.5,97,42,73.7,12.933333333333334,11.866666666666667,13:19:48,4,4.9,1,-3.1500000000000004,1.8462499999999997
5,1,24.7,1917,1681,0.88,35,1236,42.9,96,43,75.8,12.95,11.883333333333333,13:19:49,4,4.9,1,-3.1333333333333346,1.8549999999999993
4.8,1,24.9,1934,1691,0.87,32,1384,44.4,96,43,74.9,12.983333333333333,11.916666666666666,13:19:51,4,4.9,1,-3.1000000000000014,1.8724999999999992
4.8,1,32.2,2499,2197,0.88,32,1646,53.1,95,43,70,13.016666666666667,11.95,13:19:53,4,4.9,1,-3.066666666666668,1.889999999999999
4.2,1,19.2,1489,1242,0.83,21,1290,26.7,89,47,84.9,13.066666666666666,12,13:19:56,5,3.5,1,-3.0166666666666675,1.9162499999999996
3.5,1,32.7,2538,2133,0.84,30,1683,50.5,93,45,71.4,13.1,12.033333333333331,13:19:58,5,3.5,1,-2.983333333333336,1.9337499999999985
3.5,1,24.7,1913,1637,0.86,24,1606,37.8,94,43,78.6,13.133333333333333,12.066666666666666,13:20:00,5,3.5,1,-2.950000000000001,1.9512499999999995
3.5,1,15.5,1199,1073,0.89,17,1661,28.6,100,40,83.8,13.2,12.133333333333333,13:20:04,5,3.5,1,-2.8833333333333346,1.9862499999999992
3.5,1,37.5,2910,2396,0.82,24,2205,52.7,90,45,70.2,13.233333333333333,12.166666666666666,13:20:06,5,3.5,1,-2.8500000000000014,2.0037499999999993
3.5,1,32.2,2494,2095,0.84,23,2196,51.1,96,43,71.1,13.283333333333331,12.216666666666669,13:20:09,5,3.5,1,-2.799999999999999,2.0300000000000002
3.5,1,21.8,1688,1454,0.86,30,1281,38.6,98,41,78.1,13.316666666666666,12.25,13:20:11,5,3.5,1,-2.7666666666666675,2.0474999999999994
3.4,1,23.8,1846,1574,0.85,32,1240,40,95,43,77.4,13.35,12.283333333333331,13:20:13,5,3.5,1,-2.733333333333336,2.0649999999999986
3.5,1,18.3,1416,1248,0.88,24,1349,31.9,97,42,82,13.383333333333333,12.316666666666666,13:20:15,5,3.5,1,-2.700000000000001,2.0824999999999996
3.5,1,17.2,1333,1156,0.87,19,1472,27.9,94,44,84.2,13.45,12.383333333333333,13:20:19,5,3.5,1,-2.6333333333333346,2.1174999999999993
3.5,1,20.4,1582,1232,0.78,13,1861,25,80,51,85.9,13.516666666666667,12.45,13:20:23,5,3.5,1,-2.566666666666668,2.152499999999999
3.5,1,30.3,2352,1913,0.81,26,1676,44.3,91,45,74.9,13.55,12.483333333333333,13:20:25,5,3.5,1,-2.533333333333335,2.169999999999999
3.4,1,18.2,1409,1182,0.84,19,1451,27.4,93,44,84.5,13.616666666666667,12.55,13:20:29,5,3.5,1,-2.466666666666667,2.205
3.5,1,31.8,2463,2032,0.83,23,1984,45.1,92,45,74.5,13.65,12.583333333333334,13:20:31,5,3.5,1,-2.4333333333333336,2.2225
3.4,1,25.3,1960,1678,0.86,29,1473,43.1,97,42,75.6,13.683333333333334,12.616666666666667,13:20:33,5,3.5,1,-2.4000000000000004,2.2399999999999998
3.5,1,23.1,1794,1581,0.88,23,1691,39.3,96,43,77.8,13.733333333333333,12.666666666666666,13:20:36,5,3.5,1,-2.3500000000000014,2.2662499999999994
3.5,1,21.2,1647,1447,0.88,22,1485,33.2,94,45,81.2,13.766666666666667,12.7,13:20:38,5,3.5,1,-2.316666666666668,2.283749999999999
3.4,1,19.4,1507,1346,0.89,23,1488,33.6,97,43,81,13.816666666666666,12.75,13:20:41,5,3.5,1,-2.2666666666666675,2.3099999999999996
3.5,1,17.3,1341,1186,0.88,23,1282,29,93,45,83.6,13.866666666666667,12.8,13:20:44,5,3.5,1,-2.216666666666667,2.3362499999999997
3.5,1,22.6,1752,1544,0.88,27,1437,38.7,96,44,78.1,13.9,12.833333333333334,13:20:46,5,3.5,1,-2.1833333333333336,2.35375
3.5,1,14.5,1123,996,0.89,14,1657,22.8,90,48,87.1,13.966666666666669,12.9,13:20:50,5,3.5,1,-2.116666666666667,2.38875
3.5,1,32.4,2512,2203,0.88,24,2191,52.2,96,44,70.5,14.016666666666667,12.95,13:20:53,5,3.5,1,-2.066666666666668,2.414999999999999
3.5,1,21.5,1667,1527,0.92,20,1932,38.9,100,42,78,14.066666666666666,13,13:20:56,5,3.5,1,-2.0166666666666675,2.4412499999999993
3.5,1,19.8,1537,1410,0.92,25,1478,36.5,99,42,79.4,14.1,13.033333333333331,13:20:58,5,3.5,1,-1.983333333333336,2.4587499999999984
3.3,1,22.7,1757,1627,0.93,27,1523,41.7,100,42,76.4,14.133333333333333,13.066666666666666,13:21:00,5,3.5,1,-1.950000000000001,2.4762499999999994
3.5,1,17.9,1390,1319,0.95,20,1653,33.8,100,41,80.9,14.183333333333334,13.116666666666667,13:21:03,5,3.5,1,-1.9000000000000004,2.5024999999999995
3.5,1,12.2,947,820,0.87,13,1324,17.2,90,48,90.3,14.266666666666667,13.2,13:21:08,5,3.5,1,-1.8166666666666682,2.5462499999999992
3.3,1,28.4,2201,1962,0.89,20,2284,46.8,96,44,73.5,14.316666666666666,13.25,13:21:11,5,3.5,1,-1.7666666666666675,2.5725
3.4,1,22.1,1713,1564,0.91,25,1616,40.1,98,42,77.3,14.35,13.283333333333331,13:21:13,5,3.5,1,-1.733333333333336,2.5899999999999985
3.4,1,13.9,1081,978,0.9,21,1113,23.4,96,43,86.7,14.4,13.333333333333334,13:21:16,5,3.5,1,-1.6833333333333336,2.61625
3.5,1,10.9,848,796,0.94,20,1069,21.8,100,42,87.7,14.45,13.383333333333333,13:21:19,5,3.5,1,-1.6333333333333346,2.642499999999999
3.5,1,18,1395,1261,0.9,19,1592,30.8,97,43,82.6,14.5,13.433333333333334,13:21:22,5,3.5,1,-1.583333333333334,2.6687499999999997
3.3,1,19.9,1544,1354,0.88,23,1452,33.5,96,43,81,14.55,13.483333333333333,13:21:25,5,3.5,1,-1.533333333333335,2.694999999999999
3.4,1,20.5,1594,1437,0.9,26,1438,37.3,100,40,78.9,14.583333333333334,13.516666666666667,13:21:27,5,3.5,1,-1.5,2.7125
3.5,1,11.1,859,780,0.91,13,1634,20.8,90,48,88.2,14.666666666666666,13.6,13:21:32,5,3.5,1,-1.4166666666666679,2.756249999999999
3.5,1,14.8,1150,1000,0.87,23,1142,26.1,96,42,85.2,14.716666666666669,13.65,13:21:35,5,3.5,1,-1.3666666666666671,2.7824999999999998
3.5,1,19,1477,1269,0.86,18,1770,31.2,94,44,82.3,14.766666666666667,13.7,13:21:38,5,3.5,1,-1.3166666666666682,2.808749999999999
3.4,1,13.1,1019,876,0.86,19,1202,22.5,95,43,87.3,14.816666666666666,13.75,13:21:41,5,3.5,1,-1.2666666666666675,2.8349999999999995
3.5,1,22.5,1747,1480,0.85,32,1165,37.4,96,42,78.9,14.85,13.783333333333331,13:21:43,5,3.5,1,-1.233333333333336,2.8524999999999987
3.5,1,16.8,1301,1141,0.88,23,1202,27.5,96,42,84.4,14.9,13.833333333333334,13:21:46,5,3.5,1,-1.1833333333333336,2.8787499999999997
3.5,1,18.9,1465,1415,0.97,14,2870,40.2,107,37,77.2,14.966666666666669,13.9,13:21:50,5,3.5,1,-1.1166666666666671,2.91375
3.5,1,17.3,1338,1236,0.92,17,1772,30.5,98,43,82.7,15.016666666666667,13.95,13:21:53,5,3.5,1,-1.0666666666666682,2.939999999999999
3.5,1,6.3,488,436,0.89,12,914,11.3,95,44,93.6,15.1,14.033333333333331,13:21:58,5,3.5,1,-0.9833333333333361,2.983749999999999
3.5,1,17,1322,1088,0.82,17,1443,25.2,91,46,85.7,15.166666666666666,14.1,13:22:02,5,3.5,1,-0.9166666666666679,3.0187499999999994
3.5,1,12.2,950,819,0.86,19,1167,22,100,40,87.5,15.216666666666669,14.15,13:22:05,5,3.5,1,-0.8666666666666671,3.045
3.5,1,24.4,1892,1588,0.84,24,1607,39.3,93,44,77.7,15.25,14.183333333333334,13:22:07,5,3.5,1,-0.8333333333333339,3.0624999999999996
3.5,1,16.6,1284,1067,0.83,21,1317,27.2,93,44,84.6,15.3,14.233333333333333,13:22:10,5,3.5,1,-0.783333333333335,3.088749999999999
3.5,1,14.7,1143,977,0.86,19,1339,25.8,95,42,85.4,15.35,14.283333333333331,13:22:13,5,3.5,1,-0.7333333333333361,3.1149999999999984
3.3,1,18.2,1413,1204,0.85,22,1389,30.4,96,42,82.8,15.4,14.333333333333334,13:22:16,5,3.5,1,-0.6833333333333336,3.14125
3.5,1,6.9,539,465,0.86,15,897,13.4,98,41,92.4,15.466666666666669,14.4,13:22:20,5,3.5,1,-0.6166666666666671,3.1762499999999996
3.5,1,25.3,1960,1589,0.81,24,1581,37.5,89,46,78.8,15.516666666666667,14.45,13:22:23,5,3.5,1,-0.5666666666666682,3.2024999999999992
3.5,1,22.6,1749,1427,0.82,22,1500,33,94,42,81.3,15.55,14.483333333333333,13:22:25,5,3.5,1,-0.533333333333335,3.2199999999999993
3.4,1,17.3,1345,1120,0.83,24,1251,29.6,97,41,83.3,15.6,14.533333333333331,13:22:28,5,3.5,1,-0.48333333333333606,3.2462499999999985
3.4,1,15.1,1171,1025,0.87,19,1446,27.2,98,41,84.6,15.65,14.583333333333334,13:22:31,5,3.5,1,-0.43333333333333357,3.2725
3.5,1,15.8,1224,1059,0.87,18,1456,26.9,97,41,84.8,15.7,14.633333333333333,13:22:34,5,3.5,1,-0.38333333333333464,3.298749999999999
3.4,1,13.5,1048,902,0.86,22,1103,24,98,42,86.4,15.75,14.683333333333334,13:22:37,5,3.5,1,-0.3333333333333339,3.3249999999999997
3.4,1,10.9,848,730,0.86,29,691,20.1,96,42,88.6,15.783333333333331,14.716666666666669,13:22:39,5,3.5,1,-0.29999999999999893,3.3425000000000007
3.4,1,12.8,990,856,0.86,13,1525,20.5,90,47,88.4,15.866666666666667,14.8,13:22:44,5,3.5,1,-0.21666666666666679,3.38625
3.5,1,25.4,1968,1652,0.84,22,1819,40.4,94,43,77.1,15.9,14.833333333333334,13:22:46,5,3.5,1,-0.18333333333333357,3.40375
3.5,1,15,1167,1022,0.88,24,1211,28.8,100,39,83.7,15.95,14.883333333333333,13:22:49,5,3.5,1,-0.13333333333333464,3.4299999999999993
3.4,1,22,1705,1492,0.87,31,1294,40.2,97,42,77.2,15.983333333333333,14.916666666666666,13:22:51,5,3.5,1,-0.10000000000000142,3.4474999999999993
3.7,1,13.8,1067,966,0.91,16,1592,24.9,99,42,85.9,16.05,14.983333333333333,13:22:55,5,3.5,1,-0.03333333333333499,3.482499999999999
3.5,1,13.2,1023,923,0.9,25,1008,25.4,100,40,85.6,16.083333333333332,15.016666666666667,13:22:57,6,3.6,1,0,3.5
3.5,1,14.9,1153,1030,0.89,28,974,27.6,99,41,84.4,16.116666666666667,15.05,13:22:59,6,3.6,1,0.033333333333333215,3.5175
3.4,1,8.5,658,555,0.84,13,936,12.5,91,47,92.9,16.2,15.133333333333333,13:23:04,6,3.6,1,0.11666666666666536,3.5612499999999994
3.5,1,12.9,997,767,0.77,15,1113,16.4,82,50,90.7,16.266666666666666,15.2,13:23:08,6,3.6,1,0.1833333333333318,3.596249999999999
3.7,1,27.6,2139,1790,0.84,19,2455,46.8,100,38,73.5,16.316666666666666,15.25,13:23:11,7,3.7,1,0.2333333333333325,3.6224999999999996
3.5,1,27.5,2137,1861,0.87,33,1457,48.6,98,41,72.5,16.35,15.283333333333331,13:23:13,7,3.7,1,0.26666666666666394,3.639999999999999
3.8,1,21.2,1645,1497,0.91,32,1267,40,100,40,77.4,16.383333333333333,15.316666666666666,13:23:15,7,3.7,1,0.29999999999999893,3.6574999999999993
3.5,1,19,1473,1336,0.91,25,1333,33.8,100,41,80.9,16.416666666666668,15.35,13:23:17,7,3.7,1,0.33333333333333215,3.6749999999999994
3.7,1,17,1320,1236,0.94,29,1148,33.1,100,41,81.3,16.45,15.383333333333333,13:23:19,7,3.7,1,0.36666666666666536,3.6924999999999994
3.7,1,21.2,1641,1529,0.93,28,1443,39.7,98,42,77.5,16.483333333333334,15.416666666666666,13:23:21,7,3.7,1,0.3999999999999986,3.709999999999999
3.7,1,20.9,1623,1467,0.9,27,1400,38,99,41,78.5,16.516666666666666,15.45,13:23:23,7,3.7,1,0.4333333333333318,3.727499999999999
3.8,1,17.8,1378,1226,0.89,27,1198,32.8,99,41,81.4,16.566666666666666,15.5,13:23:26,8,3.9,1,0.4833333333333325,3.7537499999999997
3.8,1,8,619,567,0.92,17,919,15.7,98,42,91.1,16.616666666666667,15.55,13:23:29,8,3.9,1,0.5333333333333332,3.78
3.9,1,24,1862,1681,0.9,18,2401,42.6,99,41,75.9,16.666666666666668,15.6,13:23:32,8,3.9,1,0.5833333333333321,3.8062499999999995
3.9,1,23.4,1817,1617,0.89,37,1130,41.8,99,41,76.3,16.7,15.633333333333333,13:23:34,8,3.9,1,0.6166666666666654,3.8237499999999995
4,1,23.5,1823,1574,0.86,28,1402,39.5,97,42,77.7,16.733333333333334,15.666666666666666,13:23:36,8,3.9,1,0.6499999999999986,3.841249999999999
3.9,1,20.3,1577,1366,0.87,27,1318,36.1,98,41,79.6,16.766666666666666,15.7,13:23:38,8,3.9,1,0.6833333333333318,3.8587499999999992
4,1,18.6,1442,1275,0.88,30,1159,34.4,98,41,80.5,16.8,15.733333333333333,13:23:40,8,3.9,1,0.716666666666665,3.8762499999999993
3.9,1,16.9,1311,1114,0.85,24,1189,28,97,42,84.2,16.85,15.783333333333331,13:23:43,9,4,1,0.7666666666666639,3.9024999999999985
3.9,1,14.3,1107,939,0.85,13,1608,20.9,84,50,88.2,16.933333333333334,15.866666666666667,13:23:48,9,4,1,0.8499999999999996,3.94625
3.9,1,29.9,2316,1860,0.8,24,1943,45.9,93,43,74,16.966666666666665,15.9,13:23:50,9,4,1,0.8833333333333329,3.9637499999999997
4,1,30.2,2345,2024,0.86,32,1723,54.7,101,38,69.1,17,15.933333333333334,13:23:52,9,4,1,0.9166666666666661,3.9812499999999997
4,1,23.5,1820,1600,0.88,31,1396,42.9,98,41,75.7,17.033333333333335,15.966666666666669,13:23:54,9,4,1,0.9500000000000011,3.9987500000000007
4,1,17.1,1324,1147,0.87,28,1188,33.3,102,39,81.1,17.066666666666666,16,13:23:56,10,4.1,1,0.9833333333333325,4.016249999999999
4,1,21.4,1656,1452,0.88,27,1412,37.8,99,41,78.6,17.1,16.033333333333335,13:23:58,10,4.1,1,1.0166666666666675,4.03375
4,1,7.7,596,540,0.91,19,762,14.2,99,41,91.9,17.166666666666668,16.1,13:24:02,10,4.1,1,1.083333333333334,4.0687500000000005
4,1,24.3,1888,1629,0.86,13,3154,40.6,85,48,77,17.233333333333334,16.166666666666668,13:24:06,10,4.1,1,1.1500000000000004,4.10375
4,1,30.4,2358,1902,0.81,23,1986,44.8,92,44,74.7,17.283333333333335,16.216666666666665,13:24:09,10,4.1,1,1.1999999999999975,4.129999999999999
4.3,1,26.1,2021,1696,0.84,24,1786,43.2,96,41,75.6,17.316666666666666,16.25,13:24:11,11,4.3,1,1.2333333333333325,4.1475
4.2,1,24.2,1880,1595,0.85,29,1429,42,97,41,76.2,17.35,16.283333333333335,13:24:13,11,4.3,1,1.2666666666666675,4.165000000000001
4.2,1,19.5,1512,1275,0.84,21,1402,29.7,92,45,83.2,17.4,16.333333333333332,13:24:16,11,4.3,1,1.3166666666666647,4.191249999999999
4.3,1,17.8,1379,1161,0.84,23,1237,28.8,94,44,83.7,17.45,16.383333333333333,13:24:19,11,4.3,1,1.3666666666666654,4.217499999999999
4.3,1,17.4,1353,1133,0.84,33,885,29.2,91,44,83.5,17.483333333333334,16.416666666666668,13:24:21,11,4.3,1,1.4000000000000004,4.235
4.3,1,17.2,1335,1091,0.82,23,1182,27,93,43,84.7,17.516666666666666,16.45,13:24:23,11,4.3,1,1.4333333333333318,4.2524999999999995
4.3,1,26.5,2054,1695,0.83,29,1458,42.1,92,43,76.2,17.55,16.483333333333334,13:24:25,11,4.3,1,1.4666666666666668,4.2700000000000005
4.3,1,14.2,1098,939,0.86,37,724,27,98,40,84.7,17.583333333333332,16.516666666666666,13:24:27,12,4.4,1,1.4999999999999982,4.287499999999999
4.3,1,20.6,1595,1306,0.82,35,914,32.2,93,43,81.8,17.616666666666667,16.55,13:24:29,12,4.4,1,1.5333333333333332,4.305
4.3,1,8.3,647,552,0.85,31,523,16.1,97,41,90.9,17.65,16.583333333333332,13:24:31,12,4.4,1,1.5666666666666647,4.322499999999999
4.3,1,14.6,1133,909,0.8,29,818,24.1,93,42,86.4,17.7,16.633333333333333,13:24:34,12,4.4,1,1.6166666666666654,4.348749999999999
4.3,1,24.5,1904,1520,0.8,18,1847,33.4,91,44,81.1,17.816666666666666,16.75,13:24:41,13,4.5,1,1.7333333333333325,4.409999999999999
4.3,1,38,2947,2324,0.79,25,2192,53.9,91,44,69.5,17.85,16.783333333333335,13:24:43,13,4.5,1,1.7666666666666675,4.4275
4.3,1,17.7,1370,1103,0.8,18,1391,24.5,88,46,86.1,17.916666666666668,16.85,13:24:47,13,4.5,1,1.833333333333334,4.4625
4.5,1,18.3,1422,1125,0.79,21,1218,25.8,88,46,85.4,17.95,16.883333333333333,13:24:49,13,4.5,1,1.8666666666666654,4.4799999999999995
4.3,1,14.2,1100,841,0.76,23,891,20.6,86,46,88.4,18,16.933333333333334,13:24:52,13,4.5,1,1.916666666666666,4.50625
4.5,1,18.9,1464,1152,0.79,25,1155,28.7,90,44,83.7,18.033333333333335,16.966666666666665,13:24:54,13,4.5,1,1.9499999999999975,4.523749999999999
4.3,1,12.3,957,746,0.78,24,789,18.9,91,43,89.3,18.083333333333332,17.016666666666666,13:24:57,14,4.7,1,1.9999999999999982,4.549999999999999
4.6,1,22.9,1776,1442,0.81,14,2455,34.6,89,47,80.4,18.15,17.083333333333332,13:25:01,14,4.7,1,2.0666666666666647,4.584999999999999
4.7,1,28.9,2242,1767,0.79,18,2157,39.6,88,46,77.6,18.2,17.133333333333333,13:25:04,14,4.7,1,2.1166666666666654,4.611249999999999
4.8,1,21.1,1634,1314,0.8,19,1699,31.5,89,45,82.2,18.266666666666666,17.2,13:25:08,14,4.7,1,2.183333333333332,4.646249999999999
4.6,1,33.9,2631,2143,0.81,31,1746,54,96,41,69.4,18.3,17.233333333333334,13:25:10,14,4.7,1,2.216666666666667,4.66375
4.8,1,33.8,2619,2205,0.84,34,1720,59,99,39,66.6,18.316666666666663,17.25,13:25:11,15,4.8,1,2.2333333333333325,4.672499999999999
4.7,1,26.2,2035,1744,0.86,36,1333,47.3,99,40,73.2,18.35,17.283333333333335,13:25:13,15,4.8,1,2.2666666666666675,4.69
4.8,1,28.6,2216,1965,0.89,34,1561,53.2,100,39,69.9,18.383333333333333,17.316666666666666,13:25:15,15,4.8,1,2.299999999999999,4.7075
4.8,1,22,1705,1493,0.88,27,1406,38.5,98,42,78.2,18.416666666666668,17.35,13:25:17,15,4.8,1,2.333333333333334,4.7250000000000005
4.7,1,24,1862,1624,0.87,27,1499,40.1,98,41,77.3,18.45,17.383333333333333,13:25:19,15,4.8,1,2.3666666666666654,4.7425
4.8,1,27.8,2153,1921,0.89,35,1438,50.2,99,41,71.6,18.483333333333334,17.416666666666668,13:25:21,15,4.8,1,2.4000000000000004,4.76
4.8,1,18.7,1453,1335,0.92,22,1539,34.6,101,40,80.4,18.533333333333335,17.466666666666665,13:25:24,15,4.8,1,2.4499999999999975,4.786249999999999
4.8,1,20.6,1600,1350,0.84,15,2110,31.3,81,51,82.3,18.6,17.533333333333335,13:25:28,16,4.9,1,2.5166666666666675,4.821250000000001
4.8,1,43.7,3386,2798,0.83,27,2603,69.4,93,43,60.7,18.633333333333333,17.566666666666666,13:25:30,16,4.9,1,2.549999999999999,4.838749999999999
4.8,1,21.1,1640,1372,0.84,22,1516,33.9,94,43,80.8,18.683333333333337,17.616666666666667,13:25:33,16,4.9,1,2.5999999999999996,4.865
4.8,1,27.5,2137,1824,0.85,35,1343,47.4,96,42,73.2,18.7,17.633333333333333,13:25:34,16,4.9,1,2.6166666666666654,4.873749999999999
4.8,1,26.2,2033,1750,0.86,25,1686,42.2,97,42,76.1,18.75,17.683333333333334,13:25:37,16,4.9,1,2.666666666666666,4.8999999999999995
5,1,29.8,2309,2029,0.88,31,1650,51.8,98,41,70.7,18.783333333333335,17.716666666666665,13:25:39,16,4.9,1,2.6999999999999975,4.917499999999999
4.8,1,27.6,2143,1933,0.9,29,1748,50.2,101,40,71.6,18.816666666666663,17.75,13:25:41,17,5.1,1,2.7333333333333325,4.935
4.8,1,20.3,1577,1417,0.9,27,1325,36.1,97,42,79.5,18.85,17.783333333333335,13:25:43,17,5.1,1,2.7666666666666675,4.952500000000001
5.1,1,23.9,1851,1644,0.89,26,1495,38.3,98,42,78.3,18.883333333333333,17.816666666666666,13:25:45,17,5.1,1,2.799999999999999,4.97
5.1,1,26.5,2053,1840,0.9,35,1393,48.9,99,41,72.3,18.916666666666668,17.85,13:25:47,17,5.1,1,2.833333333333334,4.987500000000001
5,1,12.8,993,848,0.85,19,1092,20.8,90,47,88.2,18.966666666666665,17.9,13:25:50,17,5.1,1,2.883333333333331,5.013749999999999
5,1,27.1,2098,1838,0.88,15,3191,48.1,97,41,72.8,19.033333333333335,17.966666666666665,13:25:54,17,5.1,1,2.9499999999999975,5.048749999999998
5.2,1,43.4,3367,2690,0.8,30,2124,63.1,90,44,64.3,19.066666666666663,18,13:25:56,18,5.2,1,2.9833333333333325,5.06625
5.3,1,25.9,2007,1633,0.81,19,1990,37.8,92,44,78.6,19.116666666666667,18.05,13:25:59,18,5.2,1,3.033333333333333,5.0925
5.1,1,21.6,1674,1375,0.82,21,1532,32.6,91,45,81.6,19.166666666666668,18.1,13:26:02,18,5.2,1,3.083333333333334,5.11875
5.1,1,22.7,1758,1432,0.81,35,999,34.7,93,44,80.4,19.2,18.133333333333333,13:26:04,18,5.2,1,3.1166666666666654,5.1362499999999995
5.1,1,25.8,1999,1607,0.8,33,1189,38.8,90,45,78.1,19.233333333333334,18.166666666666668,13:26:06,18,5.2,1,3.1500000000000004,5.1537500000000005
5.2,1,18.7,1453,1174,0.81,24,1165,28.3,90,45,84,19.266666666666666,18.2,13:26:08,18,5.2,1,3.183333333333332,5.171249999999999
5.2,1,21,1627,1313,0.81,17,1720,29.6,82,50,83.3,19.333333333333332,18.266666666666666,13:26:12,19,5.3,1,3.2499999999999982,5.206249999999999
5.3,1,35.3,2738,2161,0.79,27,1835,49.4,89,45,72.1,19.366666666666667,18.3,13:26:14,19,5.3,1,3.283333333333333,5.22375
5.2,1,33.5,2599,2153,0.83,32,1588,50.9,95,42,71.2,19.4,18.333333333333332,13:26:16,19,5.3,1,3.3166666666666647,5.241249999999999
5.2,1,30.2,2343,1965,0.84,28,1737,48.7,93,43,72.4,19.433333333333337,18.366666666666667,13:26:18,19,5.3,1,3.3499999999999996,5.25875
5.3,1,32.4,2514,2183,0.87,38,1462,56.2,100,40,68.2,19.45,18.383333333333333,13:26:19,19,5.3,1,3.3666666666666654,5.267499999999999
5.3,1,24.6,1906,1682,0.88,22,1826,40.9,99,40,76.9,19.5,18.433333333333337,13:26:22,19,5.3,1,3.4166666666666696,5.293750000000002
5.3,1,31.3,2431,2051,0.84,33,1523,50.5,95,43,71.4,19.533333333333335,18.466666666666665,13:26:24,19,5.3,1,3.4499999999999975,5.3112499999999985
5.3,1,32.2,2495,2117,0.85,28,1771,49.9,92,45,71.8,19.566666666666663,18.5,13:26:26,20,5.5,1,3.4833333333333325,5.328749999999999
5.2,1,29.1,2259,1925,0.85,33,1451,47.6,94,43,73.1,19.6,18.533333333333335,13:26:28,20,5.5,1,3.5166666666666675,5.34625
5.6,1,28.9,2239,1886,0.84,36,1276,45.9,92,44,74.1,19.633333333333333,18.566666666666663,13:26:30,20,5.5,1,3.5499999999999954,5.363749999999998
5.3,1,28.6,2217,1902,0.86,31,1579,48.3,96,42,72.7,19.666666666666668,18.6,13:26:32,20,5.5,1,3.583333333333334,5.3812500000000005
5.3,1,29.1,2253,1923,0.85,32,1574,50,97,41,71.7,19.683333333333337,18.616666666666667,13:26:33,20,5.5,1,3.5999999999999996,5.39
5.5,1,33,2558,2279,0.89,39,1520,59.2,98,41,66.5,19.716666666666665,18.65,13:26:35,20,5.5,1,3.633333333333331,5.407499999999999
5.3,1,26.3,2041,1816,0.89,31,1553,47.8,97,42,73,19.75,18.683333333333337,13:26:37,20,5.5,1,3.6666666666666696,5.425000000000002
5.5,1,25.3,1965,1682,0.86,26,1539,40,94,44,77.4,19.783333333333335,18.716666666666665,13:26:39,20,5.5,1,3.6999999999999975,5.442499999999999
5.3,1,29.1,2254,1991,0.88,34,1423,49.1,95,43,72.2,19.816666666666663,18.75,13:26:41,21,5.6,1,3.7333333333333325,5.46
5.6,1,31.1,2409,2038,0.85,34,1467,49.5,92,45,72,19.85,18.783333333333335,13:26:43,21,5.6,1,3.7666666666666675,5.477500000000001
5.3,1,36.7,2844,2425,0.85,43,1453,62.3,96,42,64.8,19.866666666666667,18.8,13:26:44,21,5.6,1,3.783333333333333,5.48625
5.6,1,18.8,1459,1215,0.83,15,1836,28,85,50,84.1,19.933333333333337,18.866666666666667,13:26:48,21,5.6,1,3.8499999999999996,5.52125
5.6,1,32.3,2509,2039,0.81,24,1930,46.3,92,44,73.8,19.983333333333334,18.916666666666668,13:26:51,21,5.6,1,3.9000000000000004,5.5475
5.6,1,32.5,2518,2097,0.83,26,1910,50.3,96,42,71.6,20.016666666666666,18.95,13:26:53,21,5.6,1,3.933333333333332,5.5649999999999995
5.6,1,32,2485,2143,0.86,32,1701,53.7,97,42,69.6,20.05,18.983333333333334,13:26:55,21,5.6,1,3.966666666666667,5.5825
5.5,1,29.5,2288,1933,0.84,29,1571,44.9,94,43,74.6,20.083333333333332,19.016666666666666,13:26:57,22,5.7,1,3.9999999999999982,5.6
5.8,1,32.4,2513,2184,0.87,33,1672,54.8,95,43,69,20.116666666666667,19.05,13:26:59,22,5.7,1,4.033333333333333,5.6175
5.6,1,21.8,1690,1396,0.83,30,1094,32.7,94,44,81.5,20.15,19.083333333333332,13:27:01,22,5.7,1,4.066666666666665,5.634999999999999
5.6,1,35,2713,2281,0.84,32,1718,55.4,92,44,68.6,20.183333333333337,19.116666666666667,13:27:03,22,5.7,1,4.1,5.6525
5.7,1,25.8,1997,1642,0.82,29,1415,40.4,92,44,77.1,20.216666666666665,19.15,13:27:05,22,5.7,1,4.133333333333331,5.669999999999999
5.6,1,32.8,2541,2111,0.83,27,1828,49,94,44,72.3,20.25,19.183333333333337,13:27:07,22,5.7,1,4.16666666666667,5.687500000000002
5.6,1,22.1,1714,1402,0.82,15,2126,32.1,85,50,81.8,20.316666666666663,19.25,13:27:11,23,5.9,1,4.2333333333333325,5.7225
5.7,1,38.5,2983,2417,0.81,25,2189,55.2,90,45,68.8,20.35,19.283333333333335,13:27:13,23,5.9,1,4.2666666666666675,5.74
5.8,1,25.5,1980,1787,0.9,24,2035,49.8,102,37,71.8,20.4,19.333333333333332,13:27:16,23,5.9,1,4.316666666666665,5.766249999999999
5.8,1,45.8,3553,3025,0.85,39,1865,73.1,94,43,58.6,20.416666666666668,19.35,13:27:17,23,5.9,1,4.333333333333334,5.775
6,1,33.1,2571,2173,0.85,27,1902,50.5,94,44,71.4,20.466666666666665,19.4,13:27:20,23,5.9,1,4.383333333333331,5.80125
5.8,1,19.5,1512,1311,0.87,23,1538,35,97,42,80.2,20.5,19.433333333333337,13:27:22,23,5.9,1,4.41666666666667,5.818750000000001
6,1,37.4,2901,2410,0.83,34,1659,56.6,89,46,68,20.533333333333335,19.466666666666665,13:27:24,23,5.9,1,4.4499999999999975,5.836249999999999
5.8,1,24.6,1908,1624,0.85,25,1685,42.3,97,41,76.1,20.566666666666663,19.5,13:27:26,24,6,1,4.4833333333333325,5.85375
6,1,19.8,1534,1370,0.89,24,1705,40.3,104,37,77.2,20.616666666666667,19.55,13:27:29,24,6,1,4.533333333333333,5.88
6.1,1,52.1,4041,3406,0.84,40,1972,78.9,92,45,55.4,20.633333333333333,19.566666666666663,13:27:30,24,6,1,4.549999999999995,5.888749999999998
5.8,1,44.8,3472,2972,0.86,42,1743,73.6,96,42,58.3,20.666666666666668,19.6,13:27:32,24,6,1,4.583333333333334,5.90625
6,1,37,2872,2593,0.9,39,1756,68,101,39,61.6,20.683333333333337,19.616666666666667,13:27:33,24,6,1,4.6,5.915
5.8,1,35.6,2758,2484,0.9,34,1890,64.8,101,40,63.3,20.716666666666665,19.65,13:27:35,24,6,1,4.633333333333331,5.932499999999999
6,1,32.1,2489,2300,0.92,31,1931,59.1,101,40,66.6,20.75,19.683333333333337,13:27:37,24,6,1,4.66666666666667,5.950000000000001
6,1,20.1,1559,1456,0.93,23,1475,34.3,98,43,80.6,20.8,19.733333333333334,13:27:40,24,6,1,4.716666666666667,5.97625
6.1,1,21.2,1643,1391,0.85,18,1682,30.7,83,51,82.6,20.85,19.783333333333335,13:27:43,25,6.1,1,4.7666666666666675,6.0025
5.8,1,39.8,3084,2455,0.8,27,1905,51.7,85,48,70.7,20.883333333333333,19.816666666666663,13:27:45,25,6.1,1,4.799999999999995,6.019999999999998
6.1,1,25.1,1949,1608,0.83,21,1887,40.3,95,43,77.2,20.933333333333337,19.866666666666667,13:27:48,25,6.1,1,4.85,6.046250000000001
6.1,1,36.9,2865,2381,0.83,29,1930,55.9,92,44,68.4,20.966666666666665,19.9,13:27:50,25,6.1,1,4.883333333333331,6.063749999999999
6.1,1,35.7,2772,2309,0.83,35,1628,57.5,96,42,67.5,21,19.933333333333337,13:27:52,25,6.1,1,4.91666666666667,6.081250000000002
6.1,1,34.2,2655,2237,0.84,33,1691,56.4,94,43,68.1,21.033333333333335,19.966666666666665,13:27:54,25,6.1,1,4.9499999999999975,6.098749999999999
6,1,35.6,2758,2365,0.86,39,1584,62.5,100,40,64.6,21.05,19.983333333333334,13:27:55,25,6.1,1,4.966666666666667,6.1075
6.3,1,23.7,1838,1621,0.88,14,2752,37.4,80,53,78.8,21.116666666666667,20.05,13:27:59,26,6.3,1,5.033333333333333,6.1425
6.3,1,53.3,4132,3417,0.83,41,2003,81.2,92,44,54.1,21.15,20.083333333333332,13:28:01,26,6.3,1,5.066666666666665,6.159999999999999
6.3,1,36.1,2801,2363,0.84,30,1969,60,99,41,66.1,21.183333333333337,20.116666666666667,13:28:03,26,6.3,1,5.1,6.1775
6.2,1,8.9,692,646,0.93,39,602,23.8,107,36,86.5,21.2,20.133333333333333,13:28:04,26,6.3,1,5.116666666666665,6.186249999999999
6.3,1,35.1,2726,2374,0.87,22,2570,56.9,95,45,67.8,21.25,20.183333333333337,13:28:07,26,6.3,1,5.16666666666667,6.212500000000002
6.3,1,38.4,2980,2479,0.83,28,1984,56.4,90,47,68.1,21.283333333333335,20.216666666666665,13:28:09,26,6.3,1,5.1999999999999975,6.229999999999999
6.3,1,37.2,2884,2533,0.88,23,2543,59.1,97,43,66.5,21.333333333333332,20.266666666666666,13:28:12,27,6.4,1,5.249999999999998,6.25625
6.3,1,18.5,1435,1259,0.88,26,1308,33.7,99,41,80.9,21.366666666666667,20.3,13:28:14,27,6.4,1,5.283333333333333,6.27375
6.3,1,39.1,3032,2569,0.85,26,2165,55.8,91,47,68.5,21.4,20.333333333333332,13:28:16,27,6.4,1,5.316666666666665,6.291249999999999
6.5,1,32.3,2504,2139,0.85,30,1740,51.7,94,44,70.8,21.45,20.383333333333333,13:28:19,27,6.4,1,5.366666666666665,6.317499999999999
6.3,1,23,1787,1548,0.87,53,788,41.8,95,44,76.3,21.466666666666665,20.4,13:28:20,27,6.4,1,5.383333333333331,6.326249999999999
6.5,1,35.9,2784,2426,0.87,28,2050,57.5,92,45,67.5,21.5,20.433333333333337,13:28:22,27,6.4,1,5.41666666666667,6.343750000000002
6.5,1,26.8,2080,1781,0.86,31,1357,42.6,96,43,75.9,21.533333333333335,20.466666666666665,13:28:24,27,6.4,1,5.4499999999999975,6.361249999999998
6.3,1,43.2,3348,2926,0.87,43,1731,73.7,97,42,58.3,21.55,20.483333333333334,13:28:25,27,6.4,1,5.466666666666667,6.37
6.5,1,43.1,3340,3041,0.91,41,1896,78.4,99,41,55.6,21.583333333333332,20.516666666666666,13:28:27,28,6.5,1,5.499999999999998,6.387499999999999
6.6,1,31.6,2453,2241,0.91,35,1542,53.8,97,42,69.6,21.6,20.533333333333335,13:28:28,28,6.5,1,5.5166666666666675,6.39625
6.5,1,37.4,2898,2644,0.91,42,1653,69.4,101,40,60.7,21.633333333333333,20.566666666666663,13:28:30,28,6.5,1,5.549999999999995,6.413749999999998
6.5,1,28.5,2208,2015,0.91,30,1593,48,96,43,72.8,21.666666666666668,20.6,13:28:32,28,6.5,1,5.583333333333334,6.43125
6.3,1,36,2791,2496,0.89,29,1997,58.2,95,45,67.1,21.7,20.633333333333333,13:28:34,28,6.5,1,5.616666666666665,6.4487499999999995
6.6,1,31.2,2420,2233,0.92,34,1672,57.3,98,43,67.6,21.733333333333334,20.666666666666668,13:28:36,28,6.5,1,5.65,6.4662500000000005
6.3,1,23.8,1845,1630,0.88,18,2164,39.1,85,51,77.9,21.783333333333335,20.716666666666665,13:28:39,28,6.5,1,5.6999999999999975,6.492499999999999
6.3,1,47.3,3670,3184,0.87,41,1867,77.2,94,43,56.3,21.8,20.733333333333334,13:28:40,28,6.5,1,5.716666666666667,6.501250000000001
6.5,1,46.7,3620,3226,0.89,37,2235,83.3,98,41,52.9,21.833333333333332,20.766666666666666,13:28:42,29,6.7,1,5.749999999999998,6.518749999999999
6.5,1,35,2717,2496,0.92,36,1842,66.2,102,40,62.5,21.866666666666667,20.8,13:28:44,29,6.7,1,5.783333333333333,6.53625
6.6,1,35.9,2785,2668,0.96,41,1794,72.7,103,39,58.9,21.883333333333333,20.816666666666663,13:28:45,29,6.7,1,5.799999999999995,6.544999999999998
6.6,1,35.1,2721,2676,0.98,44,1638,71.7,102,40,59.4,21.9,20.833333333333332,13:28:46,29,6.7,1,5.816666666666665,6.553749999999999
6.6,1,34.8,2701,2626,0.97,42,1668,70.5,103,40,60.1,21.933333333333337,20.866666666666667,13:28:48,29,6.7,1,5.85,6.57125
6.6,1,31,2408,2354,0.98,44,1467,64.3,103,40,63.6,21.95,20.883333333333333,13:28:49,29,6.7,1,5.866666666666665,6.58
6.8,1,34,2637,2529,0.96,44,1544,67.6,103,40,61.8,21.983333333333334,20.916666666666668,13:28:51,29,6.7,1,5.9,6.5975
6.8,1,9.9,765,713,0.93,21,1064,22.6,106,38,87.2,22.016666666666666,20.95,13:28:53,29,6.7,1,5.933333333333332,6.614999999999999
6.6,1,52.7,4087,3404,0.83,47,1662,77.3,90,47,56.3,22.05,20.983333333333334,13:28:55,29,6.7,1,5.966666666666667,6.6325
6.6,1,50.1,3887,3331,0.86,47,1710,79.5,95,44,55,22.066666666666663,21,13:28:56,30,6.8,1,5.9833333333333325,6.641249999999999
6.6,1,50.9,3951,3689,0.93,44,2243,99,101,40,44,22.083333333333332,21.016666666666666,13:28:57,30,6.8,1,5.999999999999998,6.649999999999999
6.6,1,38.5,2984,2847,0.95,36,2052,72.8,102,40,58.8,22.116666666666667,21.05,13:28:59,30,6.8,1,6.033333333333333,6.6675
6.6,1,35.1,2720,2678,0.98,36,2037,72.7,103,40,58.8,22.15,21.083333333333332,13:29:01,30,6.8,1,6.066666666666665,6.684999999999999
6.8,1,37.2,2889,2830,0.98,42,1842,76.8,104,39,56.6,22.166666666666668,21.1,13:29:02,30,6.8,1,6.083333333333334,6.6937500000000005
6.6,1,38.4,2976,2891,0.97,44,1762,77.2,104,40,56.3,22.2,21.133333333333333,13:29:04,30,6.8,1,6.116666666666665,6.71125
6.6,1,32,2482,2380,0.96,30,1886,56.9,100,42,67.8,22.233333333333334,21.166666666666668,13:29:06,30,6.8,1,6.15,6.72875
6.6,1,30.7,2381,2268,0.95,36,1645,59.5,102,41,66.4,22.25,21.183333333333337,13:29:07,30,6.8,1,6.16666666666667,6.737500000000002
6.6,1,36.5,2829,2757,0.97,43,1658,71,100,41,59.8,22.283333333333335,21.216666666666665,13:29:09,30,6.8,1,6.1999999999999975,6.754999999999999
6.9,1,38.7,3004,2877,0.96,42,1807,76.3,101,41,56.8,22.3,21.233333333333334,13:29:10,30,6.8,1,6.216666666666667,6.76375
6.9,1,28.2,2188,2171,0.99,43,1397,60.7,105,38,65.6,22.316666666666663,21.25,13:29:11,31,6.9,1,6.2333333333333325,6.772499999999999
6.6,1,35.9,2782,2677,0.96,39,1826,72.1,103,40,59.2,22.35,21.283333333333335,13:29:13,31,6.9,1,6.2666666666666675,6.790000000000001
7,1,27.9,2163,2043,0.94,50,1106,54.8,101,41,69,22.366666666666667,21.3,13:29:14,31,6.9,1,6.283333333333333,6.79875
6.6,1,35.4,2749,2485,0.9,39,1573,61.3,98,43,65.3,22.4,21.333333333333332,13:29:16,31,6.9,1,6.316666666666665,6.816249999999999
6.9,1,24.8,1920,1773,0.92,55,885,48.3,100,41,72.7,22.416666666666668,21.35,13:29:17,31,6.9,1,6.333333333333334,6.825000000000001
7,1,41.6,3226,2911,0.9,31,2197,68.3,97,44,61.4,22.45,21.383333333333333,13:29:19,31,6.9,1,6.366666666666665,6.842499999999999
6.8,1,21.5,1665,1471,0.88,18,1781,31.5,91,47,82.2,22.5,21.433333333333337,13:29:22,31,6.9,1,6.41666666666667,6.868750000000002
6.8,1,50.1,3884,3287,0.85,37,2014,75.1,91,46,57.5,22.533333333333335,21.466666666666665,13:29:24,31,6.9,1,6.4499999999999975,6.886249999999999
7,1,37.4,2901,2492,0.86,31,1884,59.2,95,44,66.5,22.566666666666663,21.5,13:29:26,32,7.1,1,6.4833333333333325,6.90375
7,1,43.7,3391,2960,0.87,35,2036,71.4,95,44,59.6,22.583333333333332,21.516666666666666,13:29:27,32,7.1,1,6.499999999999998,6.9125
7,1,45.2,3508,3203,0.91,44,1906,83.5,101,40,52.8,22.616666666666667,21.55,13:29:29,32,7.1,1,6.533333333333333,6.93
7.1,1,39.5,3067,2856,0.93,43,1854,78.9,103,39,55.4,22.633333333333333,21.566666666666663,13:29:30,32,7.1,1,6.549999999999995,6.938749999999997
7.1,1,35.8,2774,2632,0.95,41,1703,70.5,102,40,60.1,22.666666666666668,21.6,13:29:32,32,7.1,1,6.583333333333334,6.956250000000001
7.1,1,29.7,2303,2184,0.95,34,1577,53.4,100,42,69.8,22.683333333333337,21.616666666666667,13:29:33,32,7.1,1,6.6,6.965
7.1,1,42.9,3324,3170,0.95,45,1829,82.5,101,41,53.3,22.716666666666665,21.65,13:29:35,32,7.1,1,6.633333333333331,6.982499999999999
7,1,38.5,2983,2900,0.97,45,1707,77,103,40,56.4,22.733333333333334,21.666666666666668,13:29:36,32,7.1,1,6.65,6.991250000000001
7,1,35.3,2740,2634,0.96,35,1930,68.1,104,40,61.5,22.766666666666666,21.7,13:29:38,32,7.1,1,6.683333333333332,7.008749999999999
7.1,1,32.4,2515,2493,0.99,42,1668,70,106,38,60.4,22.783333333333335,21.716666666666665,13:29:39,32,7.1,1,6.6999999999999975,7.017499999999998
7,1,27.8,2158,2108,0.98,39,1503,58.5,103,40,66.9,22.816666666666663,21.75,13:29:41,33,7.2,1,6.7333333333333325,7.035
7,1,40.2,3118,3004,0.96,40,1907,76.8,101,42,56.5,22.833333333333332,21.766666666666666,13:29:42,33,7.2,1,6.749999999999998,7.043749999999999
7.3,1,35.8,2778,2644,0.95,31,2078,65.3,101,41,63.1,22.866666666666667,21.8,13:29:44,33,7.2,1,6.783333333333333,7.06125
7.3,1,26,2016,1753,0.87,20,1762,35.6,87,50,79.9,22.916666666666668,21.85,13:29:47,33,7.2,1,6.833333333333334,7.0875
7.1,1,38.6,2995,2610,0.87,42,1562,65.5,98,42,62.9,22.933333333333337,21.866666666666667,13:29:48,33,7.2,1,6.85,7.0962499999999995
7.1,1,42.5,3298,3068,0.93,27,2865,77.4,101,41,56.2,22.983333333333334,21.916666666666668,13:29:51,33,7.2,1,6.9,7.1225000000000005
7.3,1,31.3,2427,2191,0.9,50,1161,57.6,100,41,67.4,23,21.933333333333337,13:29:52,33,7.2,1,6.91666666666667,7.131250000000001
7.1,1,37.2,2888,2654,0.92,43,1589,67.6,101,41,61.8,23.016666666666666,21.95,13:29:53,33,7.2,1,6.933333333333332,7.139999999999999
7.3,1,32.7,2539,2324,0.92,45,1380,61.8,100,41,65,23.05,21.983333333333334,13:29:55,33,7.2,1,6.966666666666667,7.157500000000001
7.1,1,44,3409,3123,0.92,45,1811,81.1,100,41,54.1,23.066666666666663,22,13:29:56,34,7.3,1,6.9833333333333325,7.16625
7.3,1,39.1,3034,2866,0.94,37,1894,69.3,99,42,60.8,23.1,22.033333333333335,13:29:58,34,7.3,1,7.0166666666666675,7.183750000000001
7.1,1,32.4,2517,2463,0.98,33,1970,64.9,102,40,63.3,23.116666666666667,22.05,13:29:59,34,7.3,1,7.033333333333333,7.1925
7.4,1,32.1,2491,2395,0.96,43,1450,62.6,101,41,64.6,23.15,22.083333333333332,13:30:01,34,7.3,1,7.066666666666665,7.209999999999999
7.3,1,36.9,2861,2575,0.9,68,948,64.6,98,44,63.4,23.166666666666668,22.1,13:30:02,34,7.3,1,7.083333333333334,7.21875
7.3,1,31.6,2454,2360,0.96,29,1977,57.6,101,40,67.4,23.2,22.133333333333333,13:30:04,34,7.3,1,7.116666666666665,7.23625
7.4,1,50.4,3910,3616,0.92,41,2177,90.1,98,42,49,23.216666666666665,22.15,13:30:05,34,7.3,1,7.133333333333331,7.244999999999999
7.1,1,40.8,3165,2930,0.93,43,1801,77.7,102,40,56,23.25,22.183333333333337,13:30:07,34,7.3,1,7.16666666666667,7.262500000000001
7.1,1,37.6,2915,2786,0.96,36,2004,72.4,102,40,59,23.266666666666666,22.2,13:30:08,34,7.3,1,7.183333333333332,7.271249999999999
7.3,1,37.8,2935,2981,1.02,43,1846,80.3,104,39,54.6,23.3,22.233333333333334,13:30:10,34,7.3,1,7.216666666666667,7.28875
7.4,1,31.1,2414,2379,0.99,44,1483,65.4,104,39,63,23.316666666666663,22.25,13:30:11,35,7.5,1,7.2333333333333325,7.297499999999999
7.4,1,35.8,2780,2692,0.97,45,1566,71.2,102,41,59.7,23.333333333333332,22.266666666666666,13:30:12,35,7.5,1,7.249999999999998,7.306249999999999
7.5,1,35.2,2730,2669,0.98,42,1664,70.3,103,40,60.2,23.366666666666667,22.3,13:30:14,35,7.5,1,7.283333333333333,7.32375
7.6,1,27,2096,2035,0.97,45,1270,56.9,104,39,67.8,23.383333333333333,22.316666666666663,13:30:15,35,7.5,1,7.299999999999995,7.332499999999998
7.4,1,25.8,2003,2027,1.01,45,1303,59.2,106,38,66.5,23.4,22.333333333333332,13:30:16,35,7.5,1,7.316666666666665,7.341249999999999
7.6,1,38.7,3004,2943,0.98,44,1782,79.2,104,39,55.2,23.433333333333337,22.366666666666667,13:30:18,35,7.5,1,7.35,7.358750000000001
7.4,1,38.3,2974,2843,0.96,44,1653,72.9,103,41,58.7,23.45,22.383333333333333,13:30:19,35,7.5,1,7.366666666666665,7.3675
7.6,1,42,3258,3158,0.97,45,1865,84.8,104,40,52,23.466666666666665,22.4,13:30:20,35,7.5,1,7.383333333333331,7.376249999999999
7.6,1,36.1,2804,2763,0.99,44,1696,74.3,105,39,58,23.5,22.433333333333337,13:30:22,35,7.5,1,7.41666666666667,7.393750000000002
7.4,1,30.6,2373,2355,0.99,46,1432,66.1,104,39,62.6,23.516666666666666,22.45,13:30:23,35,7.5,1,7.433333333333332,7.4025
7.5,1,37.5,2906,2942,1.01,44,1801,78.9,103,40,55.4,23.533333333333335,22.466666666666665,13:30:24,35,7.5,1,7.4499999999999975,7.411249999999999
7.5,1,34.3,2660,2649,1,41,1708,70.7,104,39,60,23.566666666666663,22.5,13:30:26,36,7.6,1,7.4833333333333325,7.428749999999999
7.5,1,37.7,2921,2878,0.99,44,1797,78.7,105,39,55.5,23.583333333333332,22.516666666666666,13:30:27,36,7.6,1,7.499999999999998,7.437499999999999
7.6,1,42.7,3312,3399,1.03,47,1899,89.7,103,40,49.2,23.616666666666667,22.55,13:30:29,36,7.6,1,7.533333333333333,7.455
7.5,1,29.9,2319,2289,0.99,47,1371,64.3,105,39,63.6,23.633333333333333,22.566666666666663,13:30:30,36,7.6,1,7.549999999999995,7.4637499999999974
7.5,1,18.5,1436,1441,1,24,1651,39.3,101,42,77.8,23.666666666666668,22.6,13:30:32,36,7.6,1,7.583333333333334,7.481250000000001
7.6,1,59.2,4589,4274,0.93,38,2678,103,99,42,41.7,23.7,22.633333333333333,13:30:34,36,7.6,1,7.616666666666665,7.498749999999999
7.6,1,42,3257,3111,0.96,41,2019,81.8,102,40,53.7,23.716666666666665,22.65,13:30:35,36,7.6,1,7.633333333333331,7.507499999999999
7.5,1,42.5,3298,3228,0.98,43,1994,86.7,103,40,51,23.75,22.683333333333337,13:30:37,36,7.6,1,7.66666666666667,7.525000000000002
7.6,1,39.3,3045,3073,1.01,43,1913,83.2,103,40,53,23.766666666666666,22.7,13:30:38,36,7.6,1,7.683333333333332,7.5337499999999995
7.5,1,36,2794,2877,1.03,44,1790,79,104,39,55.3,23.8,22.733333333333334,13:30:40,36,7.6,1,7.716666666666667,7.5512500000000005
7.5,1,35,2712,2727,1.01,46,1590,73.4,104,40,58.5,23.816666666666663,22.75,13:30:41,37,7.7,1,7.7333333333333325,7.56
7.6,1,35.4,2748,2748,1,45,1638,73.3,102,41,58.5,23.833333333333332,22.766666666666666,13:30:42,37,7.7,1,7.749999999999998,7.56875
7.4,1,34.2,2650,2645,1,45,1542,70.1,101,42,60.3,23.866666666666667,22.8,13:30:44,37,7.7,1,7.783333333333333,7.58625
7.6,1,35.5,2753,2683,0.97,44,1578,70.2,101,41,60.3,23.883333333333333,22.816666666666663,13:30:45,37,7.7,1,7.799999999999995,7.594999999999998
7.6,1,32.8,2546,2481,0.97,45,1460,65.9,102,41,62.7,23.9,22.833333333333332,13:30:46,37,7.7,1,7.816666666666665,7.603749999999999
7.6,1,30.4,2361,2448,1.04,45,1451,65,102,40,63.2,23.933333333333337,22.866666666666667,13:30:48,37,7.7,1,7.85,7.62125
7.8,1,27.1,2102,1947,0.93,19,2331,45.4,90,50,74.3,23.983333333333334,22.916666666666668,13:30:51,37,7.7,1,7.9,7.6475
7.6,1,45.6,3536,3162,0.89,37,2204,80.6,99,42,54.4,24,22.933333333333337,13:30:52,37,7.7,1,7.91666666666667,7.656250000000002
7.6,1,36.7,2846,2645,0.93,43,1698,72.8,104,39,58.8,24.033333333333335,22.966666666666665,13:30:54,37,7.7,1,7.9499999999999975,7.673749999999999
7.8,1,37.4,2905,2764,0.95,42,1845,77.4,104,39,56.2,24.05,22.983333333333334,13:30:55,37,7.7,1,7.966666666666667,7.6825
7.6,1,35.7,2772,2673,0.96,47,1550,72.1,103,40,59.2,24.066666666666663,23,13:30:56,38,7.7,1.5,7.9833333333333325,7.69125
7.6,1,30.5,2366,2252,0.95,44,1371,60.1,102,41,66,24.1,23.033333333333335,13:30:58,38,7.7,1.5,8.016666666666667,7.70875
7.6,1.2,40.9,3171,3072,0.97,44,1765,77.3,101,41,56.3,24.116666666666667,23.05,13:30:59,38,7.7,1.5,8.033333333333333,7.7175
7.8,1.3,41.1,3186,3072,0.96,41,1996,82,103,40,53.6,24.15,23.083333333333332,13:31:01,38,7.7,1.5,8.066666666666665,7.734999999999999
7.6,1.3,35.2,2728,2651,0.97,46,1603,74,104,39,58.1,24.166666666666668,23.1,13:31:02,38,7.7,1.5,8.083333333333334,7.74375
7.6,1.3,37.1,2880,2873,1,44,1863,81.6,106,38,53.8,24.183333333333337,23.116666666666667,13:31:03,38,7.7,1.5,8.1,7.7525
7.8,1.3,35.1,2720,2701,0.99,46,1653,76.3,106,38,56.8,24.216666666666665,23.15,13:31:05,38,7.7,1.5,8.133333333333331,7.769999999999999
7.6,1.3,35.7,2770,2782,1,45,1719,77.5,106,38,56.1,24.233333333333334,23.166666666666668,13:31:06,38,7.7,1.5,8.15,7.7787500000000005
7.6,1.3,33.7,2613,2658,1.02,46,1614,74.5,106,39,57.9,24.25,23.183333333333337,13:31:07,38,7.7,1.5,8.16666666666667,7.787500000000001
7.6,1.3,33.5,2597,2601,1,46,1588,72.7,105,39,58.9,24.266666666666666,23.2,13:31:08,38,7.7,1.5,8.183333333333332,7.79625
7.6,1.3,38,2948,3040,1.03,46,1853,85.5,106,38,51.6,24.3,23.233333333333334,13:31:10,38,7.7,1.5,8.216666666666667,7.813750000000001
7.6,1.3,37.1,2879,2963,1.03,44,1880,82.9,107,38,53.1,24.316666666666663,23.25,13:31:11,39,7.7,2,8.233333333333333,7.8225
7.6,1.3,35.7,2771,2912,1.05,45,1836,82.2,108,38,53.5,24.333333333333332,23.266666666666666,13:31:12,39,7.7,2,8.249999999999998,7.831249999999999
7.8,1.8,21.9,1697,1651,0.97,20,1946,39.4,92,50,77.7,24.383333333333333,23.316666666666663,13:31:15,39,7.7,2,8.299999999999995,7.857499999999998
7.6,1.8,39.5,3061,3506,1.15,61,1489,90.3,98,43,48.9,24.4,23.333333333333332,13:31:16,39,7.7,2,8.316666666666665,7.866249999999999
7.8,1.8,49.9,3872,3723,0.96,44,2287,100.2,103,40,43.3,24.433333333333337,23.366666666666667,13:31:18,39,7.7,2,8.35,7.88375
7.6,1.8,46.2,3584,3682,1.03,44,2353,103.8,106,38,41.3,24.45,23.383333333333333,13:31:19,39,7.7,2,8.366666666666665,7.892499999999999
7.8,1.8,40,3104,3226,1.04,43,2061,89.6,106,38,49.3,24.483333333333334,23.416666666666668,13:31:21,39,7.7,2,8.4,7.91
7.6,1.8,25.7,1993,2046,1.03,32,1758,55.5,106,38,68.6,24.5,23.433333333333337,13:31:22,39,7.7,2,8.41666666666667,7.918750000000002
7.8,1.8,45,3488,3428,0.98,44,2029,89.5,100,42,49.4,24.533333333333335,23.466666666666665,13:31:24,39,7.7,2,8.449999999999998,7.9362499999999985
7.6,1.8,41.2,3196,3183,1,45,1888,85.8,103,40,51.4,24.55,23.483333333333334,13:31:25,39,7.7,2,8.466666666666667,7.945
7.8,1.8,38.2,2962,2895,0.98,35,2047,71.8,103,40,59.4,24.583333333333332,23.516666666666666,13:31:27,40,7.7,2.5,8.499999999999998,7.9624999999999995
7.6,1.8,41.4,3211,3391,1.06,49,1947,95.8,107,37,45.8,24.6,23.533333333333335,13:31:28,40,7.7,2.5,8.516666666666667,7.97125
7.6,2.2,41.4,3213,3213,1,49,1877,91.6,107,38,48.2,24.616666666666667,23.55,13:31:29,40,7.7,2.5,8.533333333333333,7.98
7.6,2.5,38.5,2989,3123,1.04,48,1848,88.7,107,38,49.8,24.65,23.583333333333332,13:31:31,40,7.7,2.5,8.566666666666665,7.997499999999999
7.8,2.5,39.1,3037,3178,1.05,45,1993,90.6,107,37,48.7,24.666666666666668,23.6,13:31:32,40,7.7,2.5,8.583333333333334,8.006250000000001
7.6,2.5,39.8,3090,3219,1.04,45,2012,90.8,107,38,48.6,24.683333333333337,23.616666666666667,13:31:33,40,7.7,2.5,8.6,8.015
7.8,2.5,23.1,1792,1976,1.1,53,1159,61.5,112,35,65.2,24.7,23.633333333333333,13:31:34,40,7.7,2.5,8.616666666666665,8.02375
7.6,2.5,47.8,3711,4007,1.08,59,1852,109,107,38,38.4,24.716666666666665,23.65,13:31:35,40,7.7,2.5,8.633333333333331,8.032499999999999
7.6,2.5,44.1,3424,3546,1.04,50,2045,102.3,107,38,42.1,24.75,23.683333333333337,13:31:37,40,7.7,2.5,8.66666666666667,8.05
7.8,2.5,41.2,3198,3397,1.06,48,2012,96.6,108,37,45.4,24.766666666666666,23.7,13:31:38,40,7.7,2.5,8.683333333333332,8.05875
7.5,2.5,38.6,2998,3303,1.1,47,2021,94.8,108,37,46.4,24.783333333333335,23.716666666666665,13:31:39,40,7.7,2.5,8.699999999999998,8.067499999999999
7.6,2.5,37.6,2913,3134,1.08,43,2033,87.7,106,39,50.4,24.8,23.733333333333334,13:31:40,40,7.7,2.5,8.716666666666667,8.07625
7.6,2.5,39.7,3080,3224,1.05,44,2003,89,105,40,49.6,24.833333333333332,23.766666666666666,13:31:42,41,7.7,3,8.749999999999998,8.09375
7.8,2.5,39.7,3076,3207,1.04,44,2000,88.9,106,38,49.7,24.85,23.783333333333335,13:31:43,41,7.7,3,8.766666666666667,8.102500000000001
7.6,3,38.4,2975,3101,1.04,46,1883,86.9,105,39,50.8,24.866666666666667,23.8,13:31:44,41,7.7,3,8.783333333333333,8.11125
7.8,3.1,39.8,3086,3194,1.03,44,1994,88.6,105,39,49.9,24.9,23.833333333333332,13:31:46,41,7.7,3,8.816666666666665,8.12875
7.8,3.1,35,2716,2816,1.04,45,1733,78.8,105,39,55.4,24.916666666666668,23.85,13:31:47,41,7.7,3,8.833333333333334,8.1375
7.6,3.1,42.7,3315,3432,1.04,43,2150,91.5,107,38,48.2,24.95,23.883333333333333,13:31:49,41,7.7,3,8.866666666666665,8.155
7.6,3.1,38.1,2952,3037,1.03,47,1799,84.3,105,39,52.3,24.966666666666665,23.9,13:31:50,41,7.7,3,8.883333333333331,8.16375
7.6,3.1,41.4,3209,3289,1.02,44,2041,89.4,106,39,49.4,24.983333333333334,23.916666666666668,13:31:51,41,7.7,3,8.9,8.1725
7.8,3.1,37.9,2940,3052,1.04,45,1910,85.5,106,39,51.6,25.016666666666666,23.95,13:31:53,41,7.7,3,8.933333333333332,8.19
7.6,3.1,38.9,3020,3059,1.01,44,1871,82.5,105,40,53.3,25.033333333333335,23.966666666666665,13:31:54,41,7.7,3,8.949999999999998,8.198749999999999
7.6,3.1,38.8,3013,3033,1.01,45,1856,83.1,105,39,53,25.05,23.983333333333334,13:31:55,41,7.7,3,8.966666666666667,8.2075
7.6,3.1,32.7,2537,2599,1.02,47,1589,73.9,105,39,58.2,25.083333333333332,24.016666666666666,13:31:57,42,7.7,3.5,8.999999999999998,8.225
7.6,3.1,32.6,2527,2501,0.99,43,1608,69.4,104,40,60.7,25.1,24.033333333333335,13:31:58,42,7.7,3.5,9.016666666666667,8.23375
7.6,3.3,41.1,3191,3138,0.98,45,1851,82.9,103,40,53.1,25.116666666666667,24.05,13:31:59,42,7.7,3.5,9.033333333333333,8.2425
7.5,3.7,37.6,2917,2917,1,45,1757,78.7,103,40,55.5,25.15,24.083333333333332,13:32:01,42,7.7,3.5,9.066666666666665,8.259999999999998
7.8,3.7,38.7,3004,2951,0.98,45,1756,78.6,102,41,55.5,25.166666666666668,24.1,13:32:02,42,7.7,3.5,9.083333333333334,8.26875
7.8,3.7,38.9,3021,2936,0.97,43,1910,81.9,105,39,53.7,25.183333333333337,24.116666666666667,13:32:03,42,7.7,3.5,9.1,8.2775
7.6,3.7,53,4112,4103,1,46,2409,110.3,104,40,37.6,25.216666666666665,24.15,13:32:05,42,7.7,3.5,9.133333333333331,8.294999999999998
7.8,3.7,44.6,3458,3590,1.04,46,2179,99.8,106,39,43.5,25.233333333333334,24.166666666666668,13:32:06,42,7.7,3.5,9.15,8.30375
7.6,3.7,43,3336,3462,1.04,46,2137,97.9,106,39,44.6,25.25,24.183333333333337,13:32:07,42,7.7,3.5,9.16666666666667,8.312500000000002
7.6,3.7,40.2,3120,3221,1.03,45,1838,83.5,104,40,52.7,25.283333333333335,24.216666666666665,13:32:09,42,7.7,3.5,9.199999999999998,8.329999999999998
7.6,3.7,47.2,3657,3965,1.08,49,2316,113,108,37,36.1,25.3,24.233333333333334,13:32:10,42,7.7,3.5,9.216666666666667,8.338750000000001
7.8,3.7,43,3339,3635,1.09,55,1935,105.6,109,36,40.3,25.316666666666663,24.25,13:32:11,43,7.7,4,9.233333333333333,8.3475
7.6,3.7,39.5,3062,3398,1.11,47,2130,99.8,108,37,43.5,25.333333333333332,24.266666666666666,13:32:12,43,7.7,4,9.249999999999998,8.35625
7.8,3.7,34,2639,2830,1.07,47,1857,86.4,109,37,51.1,25.366666666666667,24.3,13:32:14,43,7.7,4,9.283333333333333,8.373750000000001
7.6,3.7,40.5,3140,3356,1.07,42,2171,91.7,106,39,48.1,25.383333333333333,24.316666666666663,13:32:15,43,7.7,4,9.299999999999995,8.382499999999997
7.6,3.7,41.7,3238,3478,1.07,45,2158,96.6,108,38,45.3,25.4,24.333333333333332,13:32:16,43,7.7,4,9.316666666666665,8.39125
7.8,3.7,40.2,3115,3437,1.1,49,2066,100.8,109,37,43,25.433333333333337,24.366666666666667,13:32:18,43,7.7,4,9.35,8.408750000000001
7.6,3.7,36.5,2833,3086,1.09,44,2032,89,109,37,49.6,25.45,24.383333333333333,13:32:19,43,7.7,4,9.366666666666665,8.4175
7.8,3.7,38.7,2998,3231,1.08,45,2077,93.7,109,37,47,25.466666666666665,24.4,13:32:20,43,7.7,4,9.383333333333331,8.42625
7.6,3.7,37.8,2931,3153,1.08,45,2004,90.4,109,37,48.8,25.5,24.433333333333337,13:32:22,43,7.7,4,9.41666666666667,8.443750000000001
7.8,3.7,45,3491,3716,1.06,42,2294,96.9,104,40,45.2,25.516666666666666,24.45,13:32:23,43,7.7,4,9.433333333333332,8.4525
7.6,3.7,40.7,3156,3353,1.06,44,2033,89.7,105,40,49.2,25.533333333333335,24.466666666666665,13:32:24,43,7.7,4,9.449999999999998,8.46125
7.8,3.7,45,3488,3653,1.05,45,2227,99.7,106,39,43.6,25.566666666666663,24.5,13:32:26,44,7.7,4.5,9.483333333333333,8.47875
7.6,3.7,45.5,3533,3770,1.07,48,2191,104.3,107,38,41,25.583333333333332,24.516666666666666,13:32:27,44,7.7,4.5,9.499999999999998,8.487499999999999
7.6,3.9,39,3026,3131,1.03,41,2109,85.5,107,39,51.6,25.6,24.533333333333335,13:32:28,44,7.7,4.5,9.516666666666667,8.49625
7.6,4.5,32,2481,2427,0.98,31,1809,56.8,100,43,67.8,25.633333333333333,24.566666666666663,13:32:30,44,7.7,4.5,9.549999999999995,8.513749999999998
7.6,4.6,48.4,3756,4024,1.07,35,3111,109.8,106,39,37.9,25.666666666666668,24.6,13:32:32,44,7.7,4.5,9.583333333333334,8.53125
7.6,4.6,42.5,3293,3567,1.08,48,2020,97.7,107,39,44.7,25.683333333333337,24.616666666666667,13:32:33,44,7.7,4.5,9.6,8.54
7.8,4.6,36.9,2859,3146,1.1,45,2002,89.6,108,38,49.3,25.716666666666665,24.65,13:32:35,44,7.7,4.5,9.633333333333331,8.5575
7.6,4.6,42.1,3269,3592,1.1,50,1984,99.2,108,38,43.9,25.733333333333334,24.666666666666668,13:32:36,44,7.7,4.5,9.65,8.56625
7.6,4.6,35.9,2781,2973,1.07,43,1984,84.4,108,37,52.2,25.75,24.683333333333337,13:32:37,44,7.7,4.5,9.66666666666667,8.575000000000003
7.8,4.6,38.7,3003,3248,1.08,46,1990,91.8,108,38,48,25.766666666666666,24.7,13:32:38,44,7.7,4.5,9.683333333333332,8.583749999999998
7.6,4.6,38.7,3004,3104,1.03,45,1918,86.5,107,39,51.1,25.8,24.733333333333334,13:32:40,44,7.7,4.5,9.716666666666667,8.60125
7.8,4.6,44.9,3485,3823,1.1,55,1946,107.1,108,38,39.4,25.816666666666663,24.75,13:32:41,45,7.7,5,9.733333333333333,8.61
7.6,4.6,45.5,3530,4080,1.16,57,2133,120.7,111,36,31.7,25.833333333333332,24.766666666666666,13:32:42,45,7.7,5,9.749999999999998,8.618749999999999
7.8,4.8,33.7,2617,2694,1.03,43,1721,74.8,108,38,57.7,25.85,24.783333333333335,13:32:43,45,7.7,5,9.766666666666667,8.627500000000001
7.6,4.8,42.2,3274,3790,1.16,58,2082,120.1,113,35,32,25.866666666666667,24.8,13:32:44,45,7.7,5,9.783333333333333,8.63625
7.6,4.9,35.6,2758,3240,1.17,52,1857,96.9,111,36,45.2,25.9,24.833333333333332,13:32:46,45,7.7,5,9.816666666666665,8.653749999999999
7.6,4.9,27.8,2159,2218,1.03,36,1689,60.3,104,42,65.9,25.916666666666668,24.85,13:32:47,45,7.7,5,9.833333333333334,8.662500000000001
7.6,4.9,49.9,3872,4198,1.08,50,2256,113.7,107,39,35.7,25.933333333333337,24.866666666666667,13:32:48,45,7.7,5,9.85,8.67125
7.8,4.9,43.5,3375,3801,1.13,55,1952,106.5,108,38,39.8,25.966666666666665,24.9,13:32:50,45,7.7,5,9.883333333333331,8.688749999999999
7.8,4.9,40.1,3112,3506,1.13,51,2001,102.6,111,36,41.9,25.983333333333334,24.916666666666668,13:32:51,45,7.7,5,9.9,8.697500000000002
7.6,4.9,42,3257,3730,1.15,54,2052,110.9,111,36,37.3,26,24.933333333333337,13:32:52,45,7.7,5,9.91666666666667,8.70625
7.8,4.9,41.8,3246,3662,1.13,53,2020,107.3,111,36,39.3,26.016666666666666,24.95,13:32:53,45,7.7,5,9.933333333333332,8.715
7.6,4.9,39.9,3093,3714,1.2,56,1949,108.3,112,36,38.7,26.033333333333335,24.966666666666665,13:32:54,45,7.7,5,9.949999999999998,8.723749999999999
7.6,4.9,40.3,3127,3603,1.15,50,2121,107,111,36,39.5,26.05,24.983333333333334,13:32:55,45,7.7,5,9.966666666666667,8.7325
7.8,4.9,38.3,2971,3330,1.12,46,2083,95.4,110,37,46,26.083333333333332,25.016666666666666,13:32:57,46,7.7,5.5,9.999999999999998,8.75
7.8,4.9,38.6,2993,3385,1.13,47,2095,97.4,109,37,44.9,26.1,25.033333333333335,13:32:58,46,7.7,5.5,10.016666666666667,8.758750000000001
7.6,5.2,39.7,3081,3417,1.11,46,2131,98.3,109,38,44.4,26.116666666666667,25.05,13:32:59,46,7.7,5.5,10.033333333333333,8.7675
7.8,5.2,41.6,3224,3637,1.13,45,2261,102,109,38,42.3,26.133333333333333,25.066666666666663,13:33:00,46,7.7,5.5,10.049999999999995,8.776249999999997
7.8,5.2,39.7,3077,3412,1.11,45,2175,98.1,109,37,44.5,26.166666666666668,25.1,13:33:02,46,7.7,5.5,10.083333333333334,8.79375
7.6,5.2,42.8,3317,3694,1.11,45,2331,105.2,109,38,40.5,26.183333333333337,25.116666666666667,13:33:03,46,7.7,5.5,10.1,8.8025
7.8,5.2,38.4,2976,3333,1.12,47,2087,97.8,110,37,44.7,26.2,25.133333333333333,13:33:04,46,7.7,5.5,10.116666666666665,8.81125
7.6,5.2,41.2,3199,3640,1.14,44,2366,105.2,109,37,40.5,26.233333333333334,25.166666666666668,13:33:06,46,7.7,5.5,10.15,8.82875
7.6,5.2,40.7,3153,3496,1.11,44,2183,97,108,38,45.1,26.25,25.183333333333337,13:33:07,46,7.7,5.5,10.16666666666667,8.837500000000002
7.6,5.2,40.5,3143,3526,1.12,46,2172,99.5,108,38,43.7,26.266666666666666,25.2,13:33:08,46,7.7,5.5,10.183333333333332,8.84625
7.6,5.2,40.3,3124,3542,1.13,47,2185,101.6,109,38,42.5,26.3,25.233333333333334,13:33:10,46,7.7,5.5,10.216666666666667,8.86375
7.6,5.2,39,3024,3380,1.12,43,2253,97.3,109,38,45,26.316666666666663,25.25,13:33:11,47,7.7,6,10.233333333333333,8.872499999999999
7.6,5.2,41,3177,3534,1.11,45,2170,97.2,107,39,45,26.333333333333332,25.266666666666666,13:33:12,47,7.7,6,10.249999999999998,8.88125
7.6,5.7,42.9,3330,3673,1.1,45,2307,103.3,108,38,41.6,26.366666666666667,25.3,13:33:14,47,7.7,6,10.283333333333333,8.89875
7.6,5.9,41,3182,3592,1.13,46,2250,103.8,109,38,41.3,26.383333333333333,25.316666666666663,13:33:15,47,7.7,6,10.299999999999995,8.907499999999999
7.8,5.9,35.7,2766,2860,1.03,43,1801,77.2,107,39,56.3,26.4,25.333333333333332,13:33:16,47,7.7,6,10.316666666666665,8.916249999999998
7.6,5.9,43.5,3377,3686,1.09,45,2309,105,109,38,40.6,26.433333333333337,25.366666666666667,13:33:18,47,7.7,6,10.35,8.93375
7.6,5.9,43.2,3354,3756,1.12,50,2133,106.7,109,38,39.7,26.45,25.383333333333333,13:33:19,47,7.7,6,10.366666666666665,8.942499999999999
7.6,5.9,40.7,3157,3569,1.13,45,2316,104.5,109,38,40.9,26.466666666666665,25.4,13:33:20,47,7.7,6,10.383333333333331,8.951249999999998
7.8,5.9,43.9,3402,3735,1.1,44,2415,106.5,109,38,39.7,26.5,25.433333333333337,13:33:22,47,7.7,6,10.41666666666667,8.968750000000002
7.6,5.9,41.3,3200,3583,1.12,45,2276,103.4,110,37,41.5,26.516666666666666,25.45,13:33:23,47,7.7,6,10.433333333333332,8.9775
7.6,5.9,40.8,3161,3509,1.11,46,2179,99.8,109,39,43.5,26.533333333333335,25.466666666666665,13:33:24,47,7.7,6,10.449999999999998,8.986249999999998
7.8,5.9,40.6,3148,3557,1.13,45,2266,102.2,109,37,42.2,26.566666666666663,25.5,13:33:26,48,7.7,6.5,10.483333333333333,9.00375
7.6,5.9,43.7,3386,3831,1.13,45,2384,106.7,108,39,39.6,26.583333333333332,25.516666666666666,13:33:27,48,7.7,6.5,10.499999999999998,9.0125
7.6,5.9,36.2,2809,3055,1.09,44,1995,88,110,37,50.2,26.6,25.533333333333335,13:33:28,48,7.7,6.5,10.516666666666667,9.021250000000002
7.8,6.5,45.2,3505,3838,1.1,44,2453,108.2,108,39,38.8,26.633333333333333,25.566666666666663,13:33:30,48,7.7,6.5,10.549999999999995,9.038749999999997
7.6,6.6,36.3,2812,3019,1.07,36,2235,80.3,108,39,54.6,26.65,25.583333333333332,13:33:31,48,7.7,6.5,10.566666666666665,9.0475
7.6,6.6,42.6,3305,3976,1.2,51,2209,113.3,109,38,35.9,26.683333333333337,25.616666666666667,13:33:33,48,7.7,6.5,10.6,9.065000000000001
7.6,6.6,44.7,3464,3991,1.15,48,2304,111.5,110,37,36.9,26.7,25.633333333333333,13:33:34,48,7.7,6.5,10.616666666666665,9.07375
7.8,6.6,42.5,3295,3970,1.2,52,2251,116.4,111,37,34.1,26.716666666666665,25.65,13:33:35,48,7.7,6.5,10.633333333333331,9.0825
7.6,6.6,41.5,3215,3916,1.22,54,2153,116.4,112,35,34.2,26.733333333333334,25.666666666666668,13:33:36,48,7.7,6.5,10.65,9.09125
7.8,6.6,37.2,2886,3301,1.14,48,1967,94.4,112,36,46.6,26.75,25.683333333333337,13:33:37,48,7.7,6.5,10.66666666666667,9.100000000000001
7.6,6.6,39.8,3089,3809,1.23,58,2057,119.8,114,35,32.2,26.766666666666666,25.7,13:33:38,48,7.7,6.5,10.683333333333332,9.10875
7.6,6.6,39.7,3079,3667,1.19,52,2107,109,112,36,38.3,26.783333333333335,25.716666666666665,13:33:39,48,7.7,6.5,10.699999999999998,9.1175
7.6,6.6,40.8,3163,3758,1.19,56,1999,111.1,111,36,37.2,26.816666666666663,25.75,13:33:41,49,7.7,7,10.733333333333333,9.135
7.8,6.6,42.2,3273,3773,1.15,54,2113,114.2,112,36,35.4,26.833333333333332,25.766666666666666,13:33:42,49,7.7,7,10.749999999999998,9.143749999999999
7.6,6.6,36.3,2814,3203,1.14,44,2105,92.9,111,37,47.5,26.85,25.783333333333335,13:33:43,49,7.7,7,10.766666666666667,9.1525
7.6,6.8,43.5,3374,4065,1.2,54,2291,122.7,112,36,30.6,26.866666666666667,25.8,13:33:44,49,7.7,7,10.783333333333333,9.161249999999999
7.6,7.2,39,3021,3780,1.25,56,2070,116,114,35,34.3,26.883333333333333,25.816666666666663,13:33:45,49,7.7,7,10.799999999999995,9.169999999999998
7.6,7.2,42.8,3316,4058,1.22,56,2191,122.9,112,36,30.5,26.9,25.833333333333332,13:33:46,49,7.7,7,10.816666666666665,9.178749999999999
7.6,7.2,40.8,3166,3857,1.22,55,2215,120.8,114,35,31.6,26.916666666666668,25.85,13:33:47,49,7.7,7,10.833333333333334,9.1875
7.8,7.2,39.4,3053,3936,1.29,57,2132,120.7,114,35,31.7,26.933333333333337,25.866666666666667,13:33:48,49,7.7,7,10.85,9.19625
7.6,7.2,39,3029,3598,1.19,48,2172,105.1,112,36,40.5,26.966666666666665,25.9,13:33:50,49,7.7,7,10.883333333333331,9.21375
7.8,7.2,40.2,3116,3819,1.23,53,2188,116.2,113,36,34.3,26.983333333333334,25.916666666666668,13:33:51,49,7.7,7,10.9,9.2225
7.6,7.2,40.7,3156,3841,1.22,55,2032,111.9,111,37,36.7,27,25.933333333333337,13:33:52,49,7.7,7,10.91666666666667,9.231250000000003
7.6,7.2,43,3337,4114,1.23,58,2128,122.8,112,36,30.5,27.016666666666666,25.95,13:33:53,49,7.7,7,10.933333333333332,9.239999999999998
7.8,7.2,37.9,2942,3566,1.21,48,2112,100.6,112,37,43.1,27.033333333333335,25.966666666666665,13:33:54,49,7.7,7,10.949999999999998,9.24875
7.8,7.2,41.5,3218,4134,1.28,60,2076,124.5,113,36,29.5,27.05,25.983333333333334,13:33:55,49,7.7,7,10.966666666666667,9.2575
7.6,7.2,44.7,3471,4439,1.28,59,2311,136,113,36,23.1,27.066666666666663,26,13:33:56,50,7.7,7.5,10.983333333333333,9.26625
7.8,7.2,38.5,2985,3806,1.27,55,2176,118.7,115,34,32.8,27.083333333333332,26.016666666666666,13:33:57,50,7.7,7.5,10.999999999999998,9.274999999999999
7.8,7.2,42.4,3287,4141,1.26,63,2146,134.1,115,34,24.1,27.1,26.033333333333335,13:33:58,50,7.7,7.5,11.016666666666667,9.283750000000001
7.6,7.2,39.6,3070,3964,1.29,59,2145,126.2,115,34,28.6,27.116666666666667,26.05,13:33:59,50,7.7,7.5,11.033333333333333,9.2925
7.6,7.2,37,2868,3702,1.29,60,2030,121.8,116,34,31.1,27.133333333333333,26.066666666666663,13:34:00,50,7.7,7.5,11.049999999999995,9.301249999999998
7.8,7.2,34.2,2656,3268,1.23,49,1915,93.4,112,36,47.1,27.166666666666668,26.1,13:34:02,50,7.7,7.5,11.083333333333334,9.318750000000001
7.6,7.2,43.4,3365,4205,1.25,56,2153,120.7,112,36,31.7,27.183333333333337,26.116666666666667,13:34:03,50,7.7,7.5,11.1,9.3275
7.6,7.2,37.5,2905,3870,1.33,57,1996,114.1,112,36,35.5,27.2,26.133333333333333,13:34:04,50,7.7,7.5,11.116666666666665,9.33625
7.8,7.2,41.5,3220,3973,1.23,58,2021,116.6,112,37,34,27.216666666666665,26.15,13:34:05,50,7.7,7.5,11.133333333333331,9.344999999999999
7.6,7.2,38.3,2968,3795,1.28,51,2189,112.3,112,36,36.5,27.233333333333334,26.166666666666668,13:34:06,50,7.7,7.5,11.15,9.353750000000002
7.8,7.2,37.2,2883,3673,1.27,55,1934,105.5,111,37,40.3,27.25,26.183333333333337,13:34:07,50,7.7,7.5,11.16666666666667,9.3625
6.6,7.2,37.7,2920,3550,1.22,50,2065,103.3,111,37,41.6,27.266666666666666,26.2,13:34:08,50,7.7,7.5,11.183333333333332,9.37125
